follower_count,likes,comments,shares,saves,hashtag_count,post_type,hour_of_day,day_of_week,account_age_days,reach,reach_tier
14023,396,15,8,34,25,reel,15,6,1098,13119,2
1246,71,4,2,5,22,image,22,0,2160,2891,0
31282,559,33,18,55,19,video,18,4,1947,16020,2
44047,542,22,16,49,20,reel,15,5,572,19945,2
1000,32,1,1,1,4,reel,9,0,1997,1774,0
1000,57,1,2,5,23,video,3,6,987,3110,0
10199,224,13,3,16,3,image,8,1,2055,3911,0
4585,203,7,8,16,9,reel,17,6,1595,5488,1
7861,442,18,10,27,2,reel,12,0,1204,8348,1
1745,18,0,0,1,15,image,3,4,1646,1852,0
39455,660,21,13,31,26,image,5,1,295,10088,1
32860,231,7,5,11,27,image,9,4,3545,20776,2
9125,162,10,7,8,0,video,1,5,2142,2258,0
61638,2383,146,69,240,30,image,11,3,188,54200,2
18798,769,40,26,73,6,video,21,5,538,22490,2
1725,71,3,0,3,11,image,17,5,83,1787,0
15736,290,21,3,12,8,reel,22,2,938,13170,2
1442,7,0,0,0,15,image,23,6,3342,1724,0
39387,711,39,30,65,0,reel,1,0,2663,35474,2
7406,471,28,13,36,10,reel,8,3,3207,10976,1
5809,423,28,7,39,9,image,4,5,1764,5566,1
2378,93,5,1,8,22,image,16,5,1078,3536,0
73172,1385,46,67,146,26,reel,0,2,1404,35346,2
6135,277,13,2,18,1,image,16,6,1193,4745,1
3748,137,3,2,14,12,video,9,6,3181,3423,0
4299,89,6,3,6,29,image,4,0,2173,5717,1
21123,1360,80,64,127,28,image,5,0,3045,20454,2
15643,973,76,14,77,17,video,15,4,761,8761,1
17033,453,12,18,51,23,video,11,1,3293,18841,2
17596,1202,60,27,76,8,reel,21,0,3200,24844,2
382684,8863,562,329,816,24,video,23,5,2178,319223,2
3898,119,8,1,9,1,image,13,3,1006,1471,0
3222,134,9,5,16,15,video,16,6,2187,4134,1
1872,29,0,1,1,17,image,11,5,246,2053,0
24557,515,40,24,43,5,image,9,4,733,14141,2
61830,1277,100,38,65,18,image,15,2,1959,28914,2
6600,177,13,8,19,29,image,0,5,3537,4270,1
1785,158,8,4,16,21,image,19,0,2685,3672,0
1837,144,10,4,12,4,image,16,2,884,1516,0
26135,1430,35,19,104,16,image,5,5,3492,12888,2
30879,706,24,30,64,21,reel,0,4,1782,30446,2
21540,1924,49,50,153,15,image,3,1,2292,14042,2
2445,14,0,0,0,4,reel,16,5,2955,1368,0
12306,781,60,28,81,9,reel,15,3,398,15152,2
9996,747,44,30,56,14,reel,15,5,743,14176,2
12011,114,5,3,6,6,image,0,1,2428,2417,0
38893,1160,78,40,104,13,image,0,0,1598,13908,2
12118,445,23,13,14,7,image,19,6,365,8465,1
27502,357,16,12,33,4,image,10,6,534,13843,2
9151,428,24,11,30,11,image,7,2,733,5444,1
13635,193,9,7,16,0,image,1,6,1831,9180,1
25243,798,46,33,35,23,video,2,5,1104,17254,2
1000,30,2,0,2,1,video,17,1,3323,913,0
4557,52,2,0,4,3,image,18,2,230,2458,0
3474,84,3,2,8,9,image,6,3,1596,2498,0
2565,152,8,6,10,19,video,5,2,1354,4251,1
4938,29,2,1,2,13,video,7,2,493,2459,0
119478,4784,217,98,380,1,reel,9,1,2807,106430,2
1705,57,4,2,2,10,reel,20,4,2790,3913,0
46300,4951,282,104,158,1,video,9,2,224,36237,2
1000,47,0,2,3,13,image,18,6,1989,1861,0
4434,90,4,4,9,8,image,19,6,1825,4334,1
10861,383,12,11,22,27,image,14,0,211,8552,1
23276,883,25,42,86,11,image,6,4,849,14293,2
29149,2263,77,72,198,18,reel,23,4,1363,40713,2
33793,1782,111,44,110,5,video,15,0,2080,36256,2
4325,185,10,7,5,14,video,16,5,1695,5186,1
3525,68,3,0,4,27,image,23,3,1812,4008,1
37962,1810,89,33,118,0,video,14,5,2665,12868,2
5742,141,6,2,5,9,image,14,3,631,1986,0
1000,34,2,1,3,11,image,19,2,278,1663,0
1053,11,0,0,1,14,video,3,4,3117,2034,0
1548,68,4,2,2,12,image,23,5,871,1770,0
19828,1041,38,47,52,30,image,6,5,1842,17666,2
10471,487,36,21,42,4,image,23,3,258,3861,0
28081,493,34,18,56,7,image,12,3,3599,15918,2
3755,59,1,2,6,14,image,21,6,2612,3266,0
10779,947,38,19,107,19,video,7,6,3595,14912,2
24985,2033,80,79,141,2,image,18,2,3480,29958,2
4643,200,12,2,23,23,image,12,4,939,4425,1
18438,1398,71,20,87,16,image,15,1,1515,12782,2
2461,148,5,2,5,8,image,13,2,3227,1630,0
4215,133,4,1,12,11,reel,23,3,1933,3154,0
4076,209,9,10,16,1,reel,17,2,2635,5583,1
1000,39,2,1,3,20,video,6,6,1698,2973,0
19468,948,47,43,81,24,video,14,6,1595,23400,2
3481,134,4,3,13,30,reel,8,0,1509,8502,1
8287,283,16,10,17,8,image,16,1,2981,3002,0
19251,1002,80,22,56,8,video,11,1,1827,16999,2
18101,560,17,26,54,9,image,5,0,1552,6081,1
26841,783,40,8,58,4,image,5,3,1861,15664,2
6786,301,12,11,13,12,reel,10,5,1813,10137,1
3782,311,10,14,19,3,reel,11,5,798,5976,1
7019,553,40,22,56,1,image,19,2,1376,5738,1
1000,22,1,0,2,10,reel,15,2,2296,2359,0
1000,25,1,0,2,26,video,18,1,3084,4309,1
1000,20,0,0,1,30,image,3,6,1494,3444,0
1346,94,2,1,9,26,video,4,5,3313,3653,0
16640,522,29,13,25,29,reel,0,2,3608,15550,2
1587,30,0,0,2,27,reel,1,1,577,4996,1
4102,184,9,7,15,20,video,3,3,777,5637,1
84003,761,22,36,87,5,image,15,5,2165,17768,2
4267,53,3,2,1,25,video,10,1,1020,4085,1
30562,367,27,15,43,30,image,10,2,453,6839,1
1509,99,2,3,9,15,video,17,1,2888,3083,0
5598,336,22,5,10,20,reel,9,4,3236,8070,1
1465,41,2,1,3,11,reel,0,6,890,2623,0
4401,135,4,2,4,18,image,0,5,827,2780,0
36774,664,50,18,55,0,image,4,5,3002,10894,1
1000,11,0,0,0,22,image,9,1,160,1924,0
17711,357,18,8,35,16,image,21,6,89,16729,2
12430,612,36,13,50,23,reel,4,5,2729,18738,2
2780,150,5,1,15,11,image,17,2,711,2441,0
1000,7,0,0,0,12,reel,0,4,2442,2640,0
9226,248,11,4,26,4,image,2,0,1497,6852,1
3124,81,5,2,8,18,video,9,6,1518,4900,1
12318,654,49,16,58,28,reel,15,0,3463,12326,2
8428,156,7,6,8,18,video,19,0,2271,10373,1
144813,8872,317,404,1057,27,video,17,4,949,170318,2
5266,163,4,3,16,0,image,21,5,2822,4847,1
1283,56,4,2,5,22,image,10,5,556,2624,0
11189,698,23,11,21,0,video,5,6,645,4933,1
12040,408,30,6,42,13,image,10,0,1470,6199,1
93576,9344,289,253,463,14,video,6,4,1132,91989,2
36431,938,19,21,71,14,image,8,2,3572,11476,1
15403,979,32,48,91,17,image,2,6,1788,12019,1
112864,5953,295,250,398,23,reel,18,2,1500,170568,2
1000,13,0,0,0,21,reel,21,2,2322,4191,1
2561,62,4,0,4,1,reel,2,2,1645,2636,0
1528,71,3,2,4,23,image,1,4,2252,2446,0
4017,102,2,3,8,12,image,19,6,1534,3091,0
1000,57,3,0,2,18,image,22,3,1817,2236,0
25419,433,18,18,28,28,reel,0,2,3343,26944,2
5431,269,16,11,22,8,video,15,2,2425,5004,1
1000,18,1,0,2,18,reel,9,4,345,3786,0
1302,70,5,3,5,19,reel,18,4,106,4028,1
14247,671,36,9,45,15,image,12,1,1652,11487,1
36630,2043,85,92,243,8,image,5,2,1201,26830,2
294818,26775,1232,1280,3033,23,image,6,6,1995,331801,2
1536399,86301,3810,3247,7816,25,image,14,6,2102,811259,2
17084,519,24,9,41,29,reel,6,2,3155,17882,2
1364,25,0,0,1,13,image,2,5,1138,1909,0
1000,43,1,0,3,4,reel,12,0,2478,1129,0
13119,1001,79,10,105,27,image,15,6,3439,8631,1
1875,134,10,6,15,18,reel,19,2,775,5746,1
3836,252,5,12,11,3,image,14,4,3519,2876,0
2692,42,3,1,2,24,video,9,4,3457,4365,1
6289,546,36,11,59,21,video,19,5,1374,9325,1
55202,1311,26,45,140,25,image,10,6,2880,31051,2
10750,360,26,10,34,13,reel,15,2,868,10753,1
6090,304,23,9,11,14,reel,21,3,150,10980,1
1256,41,2,1,3,3,image,23,4,841,726,0
1000,52,3,2,3,13,image,10,4,461,1992,0
3376,96,3,3,6,17,image,11,2,1637,3195,0
7355,520,28,22,27,26,image,20,2,970,5716,1
195296,11975,765,136,701,6,image,13,4,3497,134313,2
10244,254,13,6,19,1,image,18,6,1840,7818,1
47521,2450,93,83,109,9,reel,1,0,886,47006,2
3298,139,8,5,10,6,reel,19,1,1087,5909,1
1000,73,5,3,2,14,image,2,5,1228,1825,0
1426,40,2,0,2,21,reel,9,4,388,3945,0
2196,99,2,1,11,11,image,4,2,2054,2476,0
373713,16359,764,748,1578,10,video,22,2,117,145953,2
1847,25,0,0,0,12,image,2,6,2093,2080,0
36654,1334,77,42,122,30,image,13,6,2641,23890,2
1595,53,1,2,2,12,image,3,6,2429,1225,0
43340,1526,115,61,110,22,reel,0,2,53,22941,2
16202,462,26,18,26,0,image,6,4,2665,3548,0
6112,325,14,5,37,3,reel,1,6,1817,8993,1
7529,176,11,6,6,11,image,6,1,2895,3403,0
2493,91,2,2,9,16,video,3,1,1561,3768,0
18086,834,21,28,77,12,image,16,4,1808,13463,2
3572,120,3,3,7,8,image,4,1,1622,3365,0
1000,76,4,0,8,18,image,11,5,287,2824,0
1000,84,6,1,5,8,image,0,6,1657,1432,0
11055,640,21,18,59,14,reel,22,3,2478,8896,1
139018,2833,185,85,285,3,video,10,6,3008,79413,2
10807,703,15,9,39,5,video,8,4,2175,7489,1
6544,375,15,17,13,28,image,7,2,1388,9018,1
13554,755,44,17,81,18,image,1,6,805,11829,1
85033,991,68,29,50,9,video,6,4,2926,38748,2
12026,795,60,29,90,1,image,20,0,3121,10157,1
3867,137,7,5,7,24,image,9,6,1041,3481,0
59356,403,19,10,27,10,image,20,3,2714,24505,2
17531,66,1,1,4,14,reel,4,2,3061,5179,1
128586,2909,106,53,209,19,image,8,6,1557,90172,2
11269,80,6,1,9,2,image,15,5,2097,4660,1
1000,45,2,0,2,19,image,1,2,3537,1817,0
1000,7,0,0,0,30,reel,8,6,2278,4143,1
158208,5957,208,187,336,5,image,21,6,2480,113546,2
180339,4196,112,70,175,29,image,11,1,3305,69053,2
5865,208,13,7,11,10,reel,22,3,3397,4443,1
4065,95,4,1,7,0,reel,3,4,2866,1360,0
112487,3251,247,150,275,14,video,23,2,2668,90070,2
1104,76,3,2,4,6,image,21,3,809,1540,0
1618,189,13,6,22,12,image,9,6,2602,3216,0
25796,1891,52,40,118,5,reel,13,3,1339,33392,2
3982,62,1,1,6,21,video,3,1,819,6285,1
8028,398,14,10,13,11,image,3,5,3612,9557,1
6037,391,12,18,36,22,image,9,2,1547,4065,1
14877,213,16,2,12,6,image,7,1,2343,5131,1
102075,2313,158,65,181,1,reel,14,1,2332,94622,2
9538,571,23,23,60,10,video,21,5,2258,15185,2
25824,508,26,16,48,23,image,1,6,3029,21938,2
1000,94,4,3,5,30,video,20,1,2992,3974,0
7422,350,19,16,33,27,reel,6,1,3329,13425,2
1776,92,2,2,6,0,video,15,6,3238,1034,0
1000,45,1,0,1,28,image,22,0,326,2518,0
1667,95,2,4,8,12,reel,17,3,1486,2482,0
4440,74,5,0,8,1,image,1,1,2618,1589,0
42134,1005,44,42,37,7,video,14,1,3081,31157,2
1000,31,1,0,2,27,image,3,4,993,2616,0
8562,235,17,2,24,18,reel,6,1,3022,11098,1
3389,214,8,5,17,5,video,13,1,2600,4578,1
4492,299,7,13,22,24,image,13,4,1904,5823,1
49264,747,30,8,38,10,video,22,2,1179,41780,2
21345,1208,72,24,57,3,video,6,6,2154,22540,2
89977,1637,81,34,107,11,image,22,3,2097,50163,2
6135,151,3,2,13,23,image,10,0,1064,6454,1
2315,97,2,1,5,9,image,6,4,1937,1736,0
5415,237,14,10,17,4,reel,14,4,2057,6207,1
12537,271,17,10,22,9,image,14,4,3187,9319,1
11134,647,17,14,31,24,image,21,6,676,10407,1
1150,66,4,1,6,5,image,23,4,2397,739,0
9536,478,19,5,41,14,reel,15,5,317,7466,1
12219,445,10,10,37,20,video,15,4,909,7342,1
752723,36216,1449,798,2644,1,reel,6,1,3052,734178,2
237594,6328,403,295,397,17,video,5,6,2307,215461,2
1744,62,3,1,4,24,video,14,4,859,3681,0
4830,335,16,8,33,19,reel,16,4,2350,6967,1
1000,44,1,1,4,5,reel,8,0,3522,1664,0
2798,134,6,3,12,16,video,12,5,1349,4975,1
14301,2368,101,97,115,27,video,13,0,2722,19892,2
71007,2385,103,93,238,6,image,11,2,981,36766,2
2181,105,5,1,6,4,video,1,3,1374,1285,0
2496,29,1,1,1,18,video,11,6,3323,3226,0
1000,47,1,1,1,12,reel,5,1,477,2295,0
6046,239,8,3,25,20,reel,2,5,587,6222,1
1197,56,1,2,4,18,image,11,3,220,1860,0
3124,26,1,1,2,1,video,18,4,543,1786,0
1671,36,1,0,2,22,image,19,6,2855,2978,0
6838,147,8,3,15,30,reel,8,3,2163,11032,1
1000,113,2,5,9,4,reel,13,0,480,2188,0
1000,30,1,1,2,17,reel,4,0,1146,3533,0
374237,8653,266,271,303,11,video,6,2,2943,86571,2
1000,25,0,0,2,19,reel,10,6,1855,3571,0
1125,20,1,0,1,18,image,9,1,2586,1742,0
221116,680,18,24,35,17,video,15,0,999,79180,2
1512267,73213,2232,933,2939,4,image,17,0,3392,1179074,2
1000,50,2,1,3,21,video,13,3,1362,2775,0
4176,181,6,5,6,20,image,0,2,3486,3617,0
14984,614,46,24,51,20,image,19,2,1508,8677,1
181980,2792,221,110,220,5,reel,10,4,2710,141888,2
1371,11,0,0,1,24,video,20,2,2065,4035,1
5210,73,2,2,5,6,image,6,0,2268,3173,0
32833,1987,99,49,190,5,reel,14,2,315,26833,2
17722,691,34,29,62,10,image,5,5,2898,13362,2
4117,134,6,6,12,5,image,13,4,1594,2419,0
6368,246,5,10,14,10,image,20,6,969,6439,1
1000,32,0,1,2,6,image,13,0,2518,959,0
5277,68,1,3,2,2,reel,23,0,2783,5055,1
5016,62,2,1,5,29,video,9,1,2597,4646,1
12306,565,30,17,32,21,video,3,0,3390,7073,1
2982,82,5,2,6,11,video,11,4,1011,3864,0
18935,600,20,17,67,11,image,19,4,716,20089,2
50155,1071,70,47,97,9,video,12,5,1997,53804,2
10718,247,8,5,13,23,reel,14,1,1259,13063,2
15262,431,9,7,32,7,video,19,4,1421,14181,2
8916,581,34,12,48,2,image,6,1,2359,4744,1
8104,103,3,1,10,14,image,17,6,163,6449,1
2210,69,5,1,6,6,image,22,1,1590,1721,0
14323,1523,115,22,88,28,image,4,0,1593,17939,2
6801,392,10,5,44,11,reel,4,1,117,7614,1
350705,14695,465,412,635,20,image,23,3,2469,282120,2
137590,6101,199,207,334,12,reel,23,4,3045,129774,2
16228,733,54,25,24,5,video,23,2,3453,10866,1
2051,122,3,1,7,9,image,20,2,3452,2928,0
1094,21,1,1,1,25,video,6,1,436,3442,0
69151,1755,65,26,90,2,image,13,0,923,20154,2
13003,391,21,14,12,29,reel,23,6,1577,12970,2
19230,1144,35,52,35,0,image,16,5,2145,11912,1
1000,18,1,0,2,22,reel,12,1,3437,4095,1
43018,3020,181,92,290,21,image,14,1,1006,31639,2
18360,990,21,20,91,18,image,5,3,1729,17623,2
1097,33,1,1,3,2,image,8,2,2495,592,0
3467,183,8,6,16,20,image,17,1,3266,3744,0
13025,297,15,12,10,2,image,23,3,2554,9595,1
8905,904,62,23,102,22,image,1,3,2500,8442,1
4789,164,7,7,11,24,reel,9,4,3575,5057,1
6725,180,13,8,12,26,video,16,5,3165,5659,1
5148,638,20,25,70,12,image,11,1,3161,4265,1
10663,142,10,6,6,20,image,20,4,2775,8533,1
114540,3728,276,104,216,5,reel,15,5,1230,43461,2
1000,55,3,0,5,16,image,8,4,291,2081,0
5290,448,34,16,34,22,video,18,6,2871,10754,1
11133,1168,52,42,79,5,image,8,1,2791,12132,1
13805,634,39,18,73,25,image,9,5,2291,12202,1
4148,221,4,4,24,11,image,6,0,492,3591,0
1000,101,3,3,11,28,reel,23,2,3531,5593,1
14623,181,9,3,8,2,video,9,5,2740,4224,1
181539,3990,289,160,422,6,image,22,6,2406,119941,2
1000,19,1,0,1,22,video,13,0,1547,2572,0
38364,1403,76,23,129,6,image,3,5,225,27130,2
4485,294,20,12,10,30,reel,18,2,2509,9861,1
7256,164,11,2,13,29,image,4,3,1402,4210,1
1217,70,4,2,3,2,reel,21,5,249,2413,0
4438,247,6,11,28,26,reel,23,5,241,6917,1
84126,3325,161,44,267,13,image,13,2,442,57464,2
23127,873,42,11,74,26,reel,9,6,1007,27015,2
183168,6085,409,294,315,21,reel,11,3,415,105948,2
67463,2402,132,39,163,9,reel,18,1,499,77821,2
17860,248,17,5,19,0,image,8,6,1389,9006,1
187040,3938,304,111,405,9,video,1,2,141,86606,2
17857,270,14,2,22,13,image,14,6,644,14361,2
35967,791,53,13,31,16,reel,17,6,1443,17817,2
4751,191,10,8,13,24,image,3,0,58,3398,0
9134,151,8,4,8,25,reel,8,4,793,7115,1
2309,70,3,1,5,9,reel,11,6,3213,3936,0
48110,2194,170,81,158,6,reel,14,1,1479,28875,2
1000,37,2,0,1,20,reel,12,3,2751,3878,0
33131,948,61,26,46,23,reel,18,6,1658,55565,2
5749,359,14,17,32,18,reel,15,5,2088,9507,1
66718,2911,143,119,229,19,video,17,2,497,44146,2
31305,2231,160,71,77,21,image,1,2,2652,18025,2
214735,5361,408,166,449,12,reel,22,0,1013,125705,2
30193,504,40,22,37,7,image,10,6,1124,20485,2
1000,53,3,1,2,24,reel,10,6,970,4127,1
7183,211,13,4,6,5,image,18,5,2585,3938,0
1000,10,0,0,0,1,image,9,2,2401,422,0
3187,139,9,2,13,0,image,18,3,1912,1336,0
123033,9727,396,470,408,12,reel,19,2,1238,117091,2
25528,577,41,20,66,14,image,13,2,351,12144,1
2302,93,1,2,7,16,video,13,0,3043,3831,0
1306,39,2,0,3,5,image,20,1,2436,1292,0
8595,789,38,36,93,13,image,17,4,2111,6035,1
1000,9,0,0,0,20,video,18,1,3627,2908,0
2421,166,9,6,13,8,image,16,1,334,2153,0
14208,762,46,33,46,17,video,19,3,957,17155,2
64832,2755,184,127,103,8,reel,18,5,3291,40920,2
24240,887,55,22,89,25,reel,19,2,46,32005,2
1000,75,3,3,2,13,reel,9,5,1173,2433,0
14014,841,20,19,90,24,image,17,4,2748,11241,1
9224,390,27,18,39,10,video,12,2,2087,4782,1
17068,512,40,5,44,11,video,20,4,1039,14147,2
148624,10247,683,336,852,23,reel,11,3,1284,133697,2
1000,40,0,1,4,9,reel,2,1,1497,2028,0
2796,163,10,7,5,22,video,19,2,944,6362,1
23473,465,16,8,44,2,reel,12,1,58,8808,1
1000,136,10,1,6,26,reel,0,3,2248,4386,1
115463,5910,140,259,188,23,video,19,0,263,106942,2
15725,532,13,12,30,17,image,1,0,2609,9514,1
37192,481,14,11,28,15,reel,2,2,2597,29558,2
2899,67,4,0,3,11,video,17,3,3458,3127,0
35058,2351,138,110,220,10,video,3,3,3521,35518,2
55450,965,61,34,77,9,image,6,0,3447,22873,2
12322,234,9,8,26,21,image,9,0,2168,6021,1
12356,803,58,36,79,6,reel,23,0,357,13554,2
13182,700,32,30,73,8,image,13,0,3080,10303,1
1712,51,1,1,5,12,image,23,5,3312,2117,0
6213,420,27,6,43,14,video,17,1,775,6155,1
6157,180,9,6,7,8,image,6,5,1339,4669,1
16157,753,41,27,35,13,video,13,3,274,12081,1
49005,2003,86,23,132,25,image,8,6,1210,34982,2
1205,37,2,1,2,8,image,5,6,1286,1155,0
6470,133,2,3,14,5,reel,12,4,3169,8319,1
116613,3498,173,94,269,24,video,20,6,783,132811,2
2125,87,3,2,9,8,reel,18,2,555,4271,1
1844,135,8,6,8,21,image,6,2,2262,2380,0
11662,380,13,6,42,29,reel,6,0,2623,14074,2
37045,4877,165,120,177,16,image,20,3,3492,51495,2
8271,409,16,12,28,16,image,15,4,2883,7433,1
88621,3599,175,178,399,21,image,11,3,867,26360,2
37881,1167,38,32,82,3,image,19,1,2535,12130,1
36874,2001,122,51,191,2,reel,0,2,3295,35802,2
21969,441,17,20,27,5,video,18,1,3038,10501,1
534868,7112,322,259,744,13,video,11,5,1975,175625,2
5601,167,8,2,14,26,video,11,0,1097,5816,1
1000,58,2,0,5,18,image,15,2,399,1589,0
145460,5930,368,212,464,26,reel,5,2,1273,158546,2
3555,79,4,2,6,12,video,21,2,1970,3201,0
9839,656,42,6,50,24,image,2,2,3537,6265,1
85578,1037,53,28,84,22,image,13,6,1721,51495,2
1000,59,2,2,5,3,image,11,3,2612,839,0
1000,38,1,1,1,16,video,23,2,2742,2783,0
1000,80,3,2,7,19,video,15,2,1709,2744,0
1940,154,11,2,9,11,reel,9,3,2740,3723,0
17878,225,6,5,7,23,reel,10,2,3161,13893,2
20817,205,6,10,18,12,image,5,6,2351,16330,2
13323,378,22,13,32,22,image,1,0,2597,6862,1
1000,33,1,0,3,22,reel,10,2,2448,3580,0
1000,19,1,0,2,6,video,0,3,3637,924,0
8935,229,4,3,16,2,image,15,6,2229,6238,1
3466,122,8,3,14,27,video,21,2,472,5200,1
18525,1454,92,27,119,25,image,2,1,887,15107,2
28667,567,37,25,35,29,video,23,2,1045,24692,2
10392,231,9,9,21,1,reel,2,4,3381,5867,1
31832,433,16,12,20,21,video,11,6,34,12078,1
12241,528,11,13,61,4,image,14,0,796,6265,1
21038,1407,94,62,98,15,image,15,4,2553,12580,2
2279,105,3,1,3,25,reel,9,3,2185,5186,1
5864,129,4,1,11,7,video,1,2,87,1916,0
11547,190,6,8,7,11,video,18,1,2831,10533,1
35488,1479,106,65,56,15,image,11,4,148,25976,2
3988,116,4,2,3,14,reel,6,4,333,5634,1
20704,62,2,1,6,0,image,10,0,3009,6675,1
5021,385,24,14,12,11,reel,10,4,1660,7838,1
6557,473,34,7,37,26,image,14,3,2024,8201,1
36067,3014,203,105,223,2,image,12,2,138,39131,2
1000,50,2,1,5,10,image,14,3,617,1306,0
1000,47,0,1,5,18,image,22,6,849,2629,0
1000,34,1,0,3,11,reel,22,3,1297,2349,0
1000,46,1,1,3,21,image,0,6,2333,2507,0
2390,54,2,2,3,8,reel,15,0,1432,1822,0
31225,794,33,30,82,5,reel,5,5,3337,33338,2
4852,332,16,8,13,28,image,1,5,806,6074,1
11568,559,24,27,22,23,video,2,5,1131,8965,1
57560,3121,198,87,352,9,reel,15,2,353,51947,2
88418,213,4,3,6,3,video,23,0,3053,63263,2
7154,176,14,3,11,13,image,18,0,2224,5354,1
92637,2949,208,70,140,24,reel,3,2,1930,34634,2
9564,986,39,16,37,19,video,5,0,2995,9478,1
1794,76,3,3,8,21,reel,19,1,2785,6007,1
2779,37,2,0,1,16,video,14,0,1499,3633,0
1000,43,3,1,2,28,image,12,2,2963,2831,0
1638,58,2,2,3,3,image,4,6,985,1136,0
4253,106,2,1,7,25,reel,18,0,2332,5982,1
34422,1145,90,37,113,29,reel,20,2,1625,21446,2
179402,2860,169,135,255,26,image,7,2,1560,80614,2
1000,21,1,0,1,8,image,23,3,2323,1079,0
16433,959,34,23,72,29,image,11,3,2144,13303,2
1245,22,1,0,0,29,image,0,6,3432,3018,0
19042,92,4,3,6,26,image,23,1,2532,5157,1
6399,123,5,3,13,9,image,4,2,1519,3496,0
1000,56,3,2,5,24,image,2,0,3148,2706,0
43085,2377,100,89,85,26,image,10,0,3541,21100,2
2727,98,4,3,10,6,reel,14,4,2015,3733,0
3099,83,4,3,8,8,image,15,2,968,2058,0
1181,21,1,0,2,23,video,22,1,3193,2608,0
2495,79,6,3,8,25,image,11,3,2365,2692,0
17504,961,51,37,113,19,video,3,3,1437,11744,1
5763,198,7,7,6,16,reel,10,3,1533,4612,1
14641,1254,46,44,80,29,image,20,5,2779,17679,2
15544,509,26,7,59,10,reel,0,4,2366,14889,2
87307,6465,175,275,515,22,image,6,2,2237,72349,2
4372,218,12,7,19,29,image,16,1,2907,5571,1
1000,16,0,0,1,8,image,4,0,310,1245,0
55326,603,24,27,29,2,image,11,4,1291,16797,2
4461,59,1,1,6,5,image,3,5,1848,3404,0
60250,602,29,29,37,20,video,3,4,985,27807,2
16156,788,17,11,63,8,image,17,5,2795,15008,2
6399,231,13,2,11,22,reel,18,4,981,11621,1
15180,159,5,3,18,14,image,0,4,2464,5187,1
271528,7246,538,135,385,26,image,12,6,1630,115999,2
340634,18848,972,605,2115,20,image,10,3,2070,119627,2
9180,391,26,8,21,18,video,8,6,47,9008,1
10811,528,37,19,60,6,reel,16,5,2900,11124,1
56231,2361,171,112,148,10,reel,15,3,943,79207,2
1768,186,13,7,20,7,video,3,2,3300,2354,0
14757,88,2,2,7,1,reel,23,1,3512,8296,1
7734,236,9,11,9,9,image,5,2,549,3661,0
14257,642,40,26,36,29,reel,13,3,197,13145,2
1807,117,6,4,11,25,image,3,4,954,3441,0
1000,49,2,0,4,7,image,14,5,1144,1081,0
1000,37,2,1,2,11,image,0,1,3610,1383,0
1084,74,1,0,3,22,video,6,1,340,3099,0
3548,142,4,2,14,2,image,10,4,905,2337,0
4780,67,3,0,5,22,image,2,0,701,2999,0
264875,6930,398,264,633,16,image,11,6,3025,113253,2
59325,1957,135,21,143,22,image,13,1,2532,40633,2
1434,72,4,2,4,0,video,22,3,1956,575,0
15151,1167,37,41,75,28,reel,8,0,3048,13641,2
3894,225,5,4,7,20,reel,17,0,1423,6050,1
4856,175,7,4,20,5,video,6,6,943,3821,0
11311,340,14,15,21,26,video,23,4,2663,9874,1
24698,327,21,15,24,0,video,23,6,3263,21761,2
4399,98,5,4,6,5,reel,18,6,2757,5313,1
54991,987,71,39,61,24,reel,5,6,73,75101,2
1037,19,0,0,1,26,reel,23,1,1015,4135,1
8196,166,6,2,14,3,image,9,5,3643,1930,0
869620,14255,716,421,1467,21,reel,5,4,69,299690,2
12107,648,21,30,23,25,video,9,1,1735,14612,2
106914,997,23,18,108,3,image,4,1,2848,72684,2
9554,255,12,4,29,2,video,8,2,3176,7690,1
23049,794,35,32,94,7,image,9,5,2526,5598,1
7315,105,2,3,4,6,image,23,3,3245,1968,0
5962,69,4,1,5,7,video,11,1,465,5773,1
1992,189,11,8,21,24,video,17,4,1074,3694,0
17580,611,14,20,60,6,reel,19,4,163,26829,2
1749,36,2,1,1,16,reel,22,4,2937,3335,0
26850,2542,63,62,275,10,image,12,4,2422,26628,2
57154,4524,230,125,477,9,image,14,2,3298,36152,2
15673,560,32,7,56,28,image,22,2,2206,15982,2
4840,133,6,3,8,9,reel,16,2,2256,5121,1
18345,440,28,7,38,6,image,6,6,2793,11805,1
4648,298,12,3,28,7,image,14,3,1577,3243,0
43651,2110,69,42,138,28,video,13,6,3191,25216,2
1000,38,1,1,3,25,image,14,2,3623,2406,0
4428,439,17,8,23,17,video,15,2,2434,6828,1
1000,17,0,0,0,17,reel,10,2,1319,2505,0
1000,19,0,0,2,16,reel,3,2,2331,3148,0
94367,2657,85,42,160,18,image,8,2,3430,25422,2
40592,990,47,13,34,20,image,18,4,1915,26072,2
2219,26,1,1,2,1,image,23,6,2781,901,0
1000,22,1,0,2,24,image,15,1,2080,2435,0
1000,31,2,1,3,23,image,18,2,1634,2474,0
3046,90,5,1,5,29,image,4,2,3556,4491,1
632064,48953,3603,1393,4126,13,video,18,1,1334,690869,2
17726,781,41,10,24,0,image,9,0,198,6925,1
2959,26,1,0,0,11,image,16,0,2910,2766,0
18716,634,41,27,33,12,image,15,0,1998,8185,1
1000,103,7,4,7,18,image,18,1,133,2830,0
4744,65,4,1,5,5,reel,17,4,926,3891,0
9692,106,7,2,4,2,image,15,0,2790,6065,1
6939,749,36,29,80,4,video,10,2,2656,7049,1
33639,1745,134,62,203,21,video,19,3,1850,24077,2
15068,1029,45,29,41,4,video,17,0,2740,16703,2
26983,238,5,6,24,19,reel,3,3,3646,15583,2
2347,103,3,3,8,22,reel,6,6,990,5919,1
40784,1131,60,26,85,17,reel,6,0,775,50536,2
152068,6405,133,197,474,1,reel,7,2,2776,79554,2
1413,66,1,0,6,3,reel,16,0,1418,1358,0
1639,41,1,1,2,25,reel,0,1,2361,3456,0
89716,5130,294,153,435,19,video,6,5,1925,112929,2
5742,187,5,5,10,23,reel,11,3,3457,10220,1
101405,4541,247,104,171,29,image,4,2,327,74361,2
3653,67,4,2,5,12,reel,4,5,2983,4341,1
111199,3072,202,90,166,27,image,10,6,3428,61018,2
10266,108,6,1,10,13,image,14,6,2825,8354,1
12897,344,12,8,30,28,image,8,3,3579,11481,1
135468,6051,483,79,303,21,reel,23,2,538,66281,2
4225,170,12,4,18,6,image,10,3,3521,2283,0
1489,23,0,0,1,0,reel,23,5,3603,967,0
3614,124,2,3,11,28,video,13,3,3399,5664,1
18291,834,43,19,45,12,image,8,3,2913,10426,1
1000,24,1,0,1,26,reel,2,5,1328,3724,0
25525,462,32,11,49,5,image,17,4,3080,17767,2
3072,73,5,0,8,14,video,12,5,85,2793,0
63963,3442,269,171,212,5,reel,23,3,2751,36590,2
1000,23,1,0,1,3,image,23,5,685,952,0
1966,71,2,2,6,17,image,12,1,3124,2333,0
1000,32,0,0,1,13,image,5,4,754,1730,0
1831,83,2,3,8,7,video,8,5,2234,3287,0
12654,465,14,15,14,10,reel,1,2,499,16505,2
5868,363,8,9,15,11,image,3,3,77,3833,0
5135,427,20,16,17,6,image,9,4,150,3227,0
6084,119,7,2,6,22,reel,4,2,1708,5255,1
11685,415,8,19,44,9,reel,20,3,3084,14484,2
1319,62,4,1,5,19,image,20,4,929,2937,0
28921,1330,100,57,52,22,image,4,5,784,25439,2
26710,725,21,35,26,10,image,6,2,1157,14539,2
16204,203,4,6,11,2,image,19,6,655,4556,1
22065,671,32,30,57,1,video,6,5,1027,10079,1
13815,768,55,9,64,18,video,6,5,1367,13501,2
315884,5508,353,191,221,0,reel,17,0,2315,141883,2
6927,270,5,6,26,3,video,9,2,2240,2645,0
4662,146,8,3,12,15,image,20,0,2883,6102,1
2087,67,4,1,7,8,image,12,6,1367,1660,0
1263,42,1,1,3,13,reel,5,3,3178,2770,0
1000,30,1,1,1,21,video,3,2,2690,2598,0
1636,61,3,1,2,24,reel,16,1,3194,5289,1
7135,543,17,13,61,11,image,10,4,2671,7604,1
14790,920,68,18,30,2,image,10,0,103,7965,1
8884,323,10,11,19,6,reel,16,2,834,6356,1
2042,7,0,0,0,26,image,6,0,2760,2879,0
40959,1967,122,52,159,0,image,23,5,616,29546,2
30667,749,24,36,61,6,video,12,5,3397,29156,2
6079,190,11,9,17,30,reel,20,5,1033,10803,1
2501,32,0,0,1,10,image,18,6,2831,3054,0
21745,517,17,10,48,1,video,14,3,1064,18541,2
11365,497,18,16,54,26,image,2,4,451,6867,1
1000,47,3,1,1,22,reel,17,6,957,3720,0
7169,186,13,2,6,25,reel,1,5,3496,7734,1
12986,859,31,42,102,20,reel,17,3,1906,16558,2
1604,59,2,1,3,15,image,21,5,1848,2845,0
11403,914,72,23,64,21,video,12,5,2109,12882,2
1000,18,1,0,1,2,reel,23,5,2109,1109,0
89781,3307,79,149,264,3,image,15,3,2742,35407,2
76596,3087,134,129,290,18,image,12,2,1054,38578,2
5143,193,8,3,18,14,reel,12,5,78,6990,1
15587,595,22,23,36,23,reel,3,0,3095,13598,2
1000,78,3,3,4,28,reel,1,6,1264,4094,1
1010,33,2,1,2,8,image,1,4,3205,1133,0
4775,156,9,2,10,10,image,21,5,2259,4518,1
1176,49,2,1,4,5,image,3,6,2984,1608,0
29316,599,38,26,50,24,reel,15,5,2716,32115,2
295118,30256,1574,539,3343,15,reel,6,6,779,460454,2
1000,83,5,2,2,10,image,9,4,719,1389,0
1794,24,0,0,0,23,image,16,0,490,2082,0
12379,644,28,22,64,14,reel,20,2,934,15856,2
147267,3529,154,50,291,15,image,2,6,3565,73262,2
1000,28,1,0,0,25,image,12,1,112,2340,0
12686,193,11,6,22,7,reel,3,0,3188,9675,1
214988,11165,596,204,988,20,video,4,2,1520,113233,2
1000,70,3,1,5,26,reel,17,3,3131,4616,1
1000,37,1,0,3,27,reel,0,3,3149,3748,0
3780,236,14,2,19,27,reel,6,5,2853,8233,1
3174,93,5,2,5,6,image,13,1,1205,2269,0
34985,1077,70,53,61,20,video,5,2,415,28062,2
12518,358,25,9,25,17,video,9,4,1890,10900,1
1000,41,2,0,2,2,reel,13,4,1893,1248,0
20490,703,21,14,66,16,image,21,5,963,21757,2
2865,84,5,2,6,7,video,1,1,447,1761,0
80338,2438,97,68,77,16,reel,12,6,1696,85062,2
2618,42,2,1,3,19,image,15,6,1560,2581,0
2576,49,3,1,1,21,reel,11,6,753,5081,1
21461,379,14,9,40,24,image,0,0,615,7139,1
31992,408,14,10,38,18,image,18,2,1796,10060,1
18152,237,7,7,19,14,image,5,4,1766,13544,2
1000,44,3,0,3,30,video,2,2,1870,3596,0
21342,583,26,15,26,9,image,10,0,2462,11064,1
1259,83,5,1,7,9,video,4,1,2307,1546,0
12375,51,1,1,2,27,image,15,0,3075,3494,0
1000,74,2,2,6,29,image,12,5,3300,3545,0
18094,215,5,9,9,11,image,4,1,321,11000,1
1897,125,8,2,10,26,reel,22,4,1322,5273,1
1000,19,0,0,0,28,image,21,0,3260,3580,0
29286,1552,117,48,59,26,reel,7,5,3391,25519,2
12518,465,27,18,33,16,reel,22,1,716,13872,2
2683,57,4,1,5,23,reel,7,1,834,4377,1
110428,2718,121,117,139,19,video,11,1,3446,50813,2
3665,171,8,6,12,1,reel,13,0,570,3073,0
8585,638,13,6,65,3,video,6,6,1774,6322,1
13148,44,2,1,3,29,image,14,6,3139,13522,2
2656,104,5,4,8,8,image,2,0,235,2462,0
18921,1012,26,28,50,5,reel,14,1,3216,10700,1
3101,42,3,1,1,30,reel,22,4,2893,5511,1
3862,69,1,3,2,10,video,7,3,3223,2875,0
94160,1992,71,46,234,22,video,3,4,200,55176,2
1245,34,1,1,1,24,video,13,6,681,4134,1
1000,20,0,0,0,14,image,7,5,2301,1895,0
147220,3475,119,38,168,19,image,17,2,1239,45212,2
797143,29651,2348,1120,2992,16,image,7,2,2915,429964,2
3906,126,3,5,8,14,reel,1,2,72,5333,1
1000,41,2,1,4,2,video,6,1,1706,560,0
4633,317,8,5,21,3,image,19,3,747,4721,1
4840,528,12,18,53,24,image,0,0,2496,5001,1
5756,490,24,19,54,26,reel,21,0,2207,11443,1
1092,51,3,1,3,2,reel,4,0,2103,1583,0
22999,651,33,15,77,9,reel,6,5,2155,16797,2
20829,1663,62,41,189,11,image,17,3,284,10452,1
1000,40,0,1,1,1,image,22,2,958,364,0
28525,1339,102,23,108,12,video,4,4,2540,28313,2
326058,25749,842,1129,2295,29,image,21,5,982,295966,2
11042,287,15,4,30,18,image,18,5,3479,11162,1
4415,41,0,1,3,28,image,0,3,308,4118,1
6275,243,6,10,22,12,video,9,5,1271,6548,1
24525,1034,31,32,57,23,image,6,2,1336,17397,2
1000,34,0,1,3,29,image,1,5,486,3515,0
10893,709,36,13,25,16,image,22,1,3637,5163,1
4012,112,4,3,9,24,video,19,1,958,7132,1
225502,17331,1179,667,835,6,video,20,5,3313,232155,2
5922,161,4,7,15,29,reel,15,5,2331,10070,1
163112,2376,108,84,240,30,image,17,6,2041,81632,2
1111,13,0,0,0,16,video,14,0,3591,1955,0
23319,1343,45,21,136,3,image,1,6,127,18458,2
14399,482,12,21,50,9,video,3,6,2969,13731,2
1695,42,0,1,1,9,reel,21,3,3112,3514,0
11151,590,12,10,40,30,image,14,3,2858,8169,1
71864,2020,88,59,95,1,reel,7,1,2135,66098,2
4524,201,4,3,8,2,image,19,4,1334,3151,0
1000,36,1,0,3,25,reel,12,5,599,4472,1
7850,223,10,10,12,28,reel,23,4,2238,8002,1
1596,69,3,2,6,7,image,11,1,1625,1370,0
4375,253,7,5,7,2,video,16,3,1493,3528,0
6996,404,20,18,15,29,video,23,1,3520,9751,1
1000,8,0,0,0,25,reel,10,3,242,3545,0
1000,31,2,1,1,22,image,22,6,808,2981,0
19297,551,12,21,60,24,video,19,6,1809,23588,2
3162,221,5,10,8,29,video,0,5,3514,7209,1
1000,80,5,1,6,20,image,1,2,2013,2239,0
33280,3482,125,157,324,3,reel,2,2,1756,43076,2
13230,357,11,8,30,24,reel,10,5,3099,14413,2
2241,61,4,0,5,2,video,19,0,2723,2859,0
1000,66,3,0,3,2,reel,17,2,2793,1392,0
36477,332,18,5,32,14,reel,17,3,2347,22408,2
15196,333,6,13,26,11,reel,8,0,1674,6797,1
590475,32726,1166,1501,3302,17,image,1,5,2139,315918,2
17263,1185,42,17,48,10,reel,1,2,1831,24605,2
16282,541,35,23,22,26,image,3,5,1702,15834,2
6000,168,7,6,11,30,video,2,1,2900,8605,1
35249,610,33,7,39,29,reel,22,0,2130,37632,2
24963,593,45,23,24,14,image,4,3,1076,15729,2
77119,6351,502,73,236,16,image,7,6,2355,63840,2
3170,170,4,3,6,1,reel,19,0,1333,2514,0
3700,265,14,8,9,27,image,4,0,2981,4816,1
3420,48,2,2,1,8,image,17,5,3302,3206,0
33639,686,45,9,70,7,image,11,0,2215,16616,2
120219,2681,201,64,306,26,reel,18,4,2782,155127,2
3547,155,9,5,10,30,image,7,0,553,5763,1
3772,93,5,3,4,27,image,21,0,3445,3775,0
14261,205,4,9,12,0,reel,17,2,2470,8575,1
5206,165,8,4,17,28,reel,7,4,3212,6804,1
44967,2224,124,97,252,13,video,15,4,2789,33369,2
1000,18,1,0,0,4,image,17,6,2790,748,0
1829,74,4,1,2,4,reel,23,0,409,1938,0
1981,79,3,2,4,21,image,8,0,976,3074,0
1000,74,3,1,4,25,reel,23,5,1300,5473,1
1430,19,1,0,0,12,image,18,2,1916,1958,0
1560,53,2,1,4,18,reel,10,1,1531,4036,1
5642,537,36,11,22,22,reel,16,6,1538,12629,2
60074,2300,129,109,85,13,image,13,2,1964,26688,2
5212,149,6,6,14,25,image,23,0,1443,2765,0
1267,28,1,0,2,9,image,1,0,2124,1225,0
7313,535,27,21,24,8,image,18,6,2851,7486,1
53557,3283,223,161,325,14,video,19,1,2298,44947,2
1398,63,1,0,3,15,image,0,6,1433,2585,0
1573,125,9,4,7,9,image,12,1,3502,1900,0
22145,263,17,5,10,10,image,16,2,564,8359,1
5438,308,12,12,15,9,image,20,0,39,4531,1
25990,854,17,12,28,14,reel,2,3,1292,24255,2
7906,155,4,6,14,21,image,6,6,1982,6262,1
28652,1712,49,30,182,9,image,13,6,2952,11210,1
1257,91,2,2,3,21,image,15,2,2168,2597,0
7928,33,0,1,1,10,image,3,0,1868,1824,0
5545,349,27,4,21,5,image,19,4,1130,4754,1
1000,38,2,1,2,8,image,11,2,75,1220,0
1000,10,0,0,1,25,image,9,6,1443,2106,0
27843,847,45,25,28,9,image,19,0,2286,20465,2
4308,74,4,2,6,20,video,12,0,2998,5479,1
1286,44,3,0,3,17,video,6,5,663,2630,0
6814,229,8,7,24,21,reel,10,4,975,8049,1
61724,1457,89,44,83,18,video,3,4,420,46167,2
1000,49,3,1,1,30,image,20,3,2582,4164,1
1000,54,4,1,2,28,image,7,6,1132,3289,0
1538,20,0,0,1,10,reel,8,4,3220,1925,0
112434,5332,380,117,421,12,video,4,1,2818,126942,2
13475,333,16,5,27,11,image,8,5,3465,5001,1
32246,1297,46,61,54,20,reel,4,3,211,24175,2
1040,67,2,1,2,15,image,1,1,3152,1979,0
1080,63,2,1,5,29,image,16,4,780,3411,0
18143,59,2,0,2,22,reel,9,4,2147,9276,1
8999,73,1,2,8,14,reel,16,1,764,5502,1
21757,543,14,16,55,9,reel,5,1,2335,9512,1
5780,523,37,9,24,24,reel,12,6,3009,11670,1
13368,126,9,5,10,25,image,5,5,1668,7810,1
10771,1006,72,47,42,30,image,6,1,935,10904,1
32859,758,40,34,86,16,image,23,4,1789,12160,1
34634,1565,119,50,129,24,image,12,0,2127,19417,2
1000,44,2,1,2,27,reel,0,6,2741,3607,0
1000,10,0,0,0,2,image,22,1,487,369,0
49175,2699,130,67,81,4,image,19,1,200,15072,2
68727,3704,130,127,207,5,reel,9,5,2894,65160,2
1290,54,3,1,2,7,image,5,6,424,1280,0
1000,11,0,0,0,9,image,10,4,974,1287,0
9684,155,12,5,5,0,reel,18,6,3265,3523,0
43282,3877,117,152,454,21,image,11,6,1699,36462,2
206007,11492,282,156,828,18,reel,4,2,369,296446,2
20523,462,18,20,49,20,image,4,4,1231,12295,2
4150,184,6,5,6,24,image,23,4,3158,4921,1
1623,59,4,1,6,4,image,5,6,2410,778,0
8271,230,12,10,20,10,image,13,3,2818,4630,1
4728,217,9,3,19,13,image,16,3,965,5664,1
1303,114,6,5,11,8,reel,3,5,3005,3347,0
323760,12822,605,540,991,13,video,3,6,31,281093,2
201451,6335,206,315,551,14,image,7,0,652,105314,2
62622,1364,59,35,151,21,image,14,6,1932,26725,2
1544,14,0,0,0,6,video,20,2,3198,1353,0
37761,2263,131,23,79,8,image,9,3,3560,29493,2
25625,674,46,28,79,8,image,6,3,1476,13183,2
17972,379,13,5,41,7,reel,7,0,3038,10024,1
76833,4938,282,109,376,25,reel,18,4,943,110164,2
25429,899,56,44,90,18,image,13,6,3625,23756,2
30700,383,16,10,41,24,image,14,5,433,15480,2
25499,2163,106,41,155,2,video,5,3,1640,17228,2
14964,77,3,3,2,21,image,15,0,44,9329,1
1000,15,0,0,1,20,reel,7,5,2085,3533,0
9419,515,24,16,31,24,image,21,4,1626,10164,1
2977,93,3,1,2,13,image,12,3,2918,3389,0
1000,81,3,2,9,23,video,3,2,2314,2894,0
167254,10126,659,145,956,16,image,15,2,1251,85453,2
182078,2609,113,106,262,25,image,0,1,3466,123621,2
93582,4909,376,120,410,24,video,20,2,438,106638,2
12827,219,7,4,11,26,reel,9,1,281,10660,1
92145,1607,75,79,132,5,image,19,2,641,38122,2
8280,259,14,11,23,22,video,22,6,2093,9025,1
11673,190,9,6,15,6,image,11,4,3515,4088,1
1132,43,3,2,1,14,reel,2,4,597,2940,0
16557,360,14,6,37,27,image,1,5,2891,6066,1
9033,265,11,8,15,3,image,7,6,2774,3613,0
1000,8,0,0,0,22,image,4,3,1076,2357,0
7389,134,7,4,10,9,reel,17,2,581,8556,1
7019,136,9,3,16,8,image,0,3,2857,2237,0
205995,3024,204,128,175,1,video,17,6,2919,143251,2
40521,2378,49,36,80,22,image,4,2,2582,31188,2
8271,78,5,1,9,25,reel,3,6,2805,6700,1
12680,239,15,9,27,14,reel,0,3,1729,16466,2
8774,151,8,1,7,6,image,19,5,1389,7145,1
5623,262,10,3,27,19,video,17,1,112,4831,1
1154,58,4,1,6,30,image,21,6,1883,4379,1
6174,183,11,4,5,24,video,13,5,2666,7825,1
2115,109,3,3,10,23,image,14,6,716,2971,0
1000,70,2,2,3,1,image,0,5,1081,1157,0
20337,169,10,5,17,27,reel,0,3,2089,15113,2
16387,403,30,15,12,18,image,14,1,1013,10594,1
1000,105,5,1,9,20,image,12,5,3216,2445,0
6497,78,5,1,8,10,image,19,3,1934,5340,1
48642,1140,48,55,37,27,video,13,1,1542,41768,2
54535,1114,48,30,109,16,reel,0,1,992,57271,2
51354,2195,134,41,89,7,reel,15,1,3321,24833,2
8691,241,5,11,8,11,reel,3,6,2624,10283,1
1770,96,2,2,10,6,reel,21,4,2111,4127,1
1152,48,3,1,5,29,video,11,2,1087,3755,0
15067,616,21,11,59,24,video,10,1,459,16635,2
16037,571,17,20,62,18,video,1,6,2951,13082,2
82223,6809,172,124,214,23,reel,7,5,201,117533,2
58686,897,30,30,68,26,image,0,4,1613,9801,1
6386,321,11,12,34,10,video,2,0,2106,7124,1
1000,14,0,0,1,7,reel,13,6,1900,1798,0
4562,60,4,0,3,28,image,11,3,2529,5146,1
11980,679,39,8,40,11,reel,13,5,156,11794,1
5632,117,7,5,10,1,reel,19,1,852,4043,1
2863,127,3,5,4,24,video,19,4,103,5847,1
12774,305,9,4,30,6,reel,21,0,937,10351,1
3271,46,3,1,2,7,image,1,3,796,1869,0
2616,94,5,3,7,21,reel,1,1,3146,5804,1
14194,184,12,7,8,30,image,21,3,1289,5414,1
3930,86,3,3,8,2,image,20,6,2077,2341,0
12574,305,16,11,35,20,video,0,0,668,11366,1
13250,634,31,10,49,10,reel,0,3,2832,18067,2
1042,37,1,1,4,27,reel,7,6,1849,4919,1
3407,286,19,12,18,27,video,13,6,3259,5920,1
107796,3385,135,81,188,3,reel,1,3,2207,67285,2
1000,66,3,1,6,1,video,10,4,2895,1262,0
1000,46,1,0,1,12,reel,5,4,2938,2242,0
1000,28,1,0,1,1,image,22,3,314,448,0
8538,144,9,6,13,10,reel,19,1,1890,11954,1
8566,272,12,3,12,5,reel,12,5,1342,9721,1
6557,292,22,11,32,30,reel,3,3,1359,11855,1
72080,1668,59,23,122,21,image,6,6,1469,40413,2
1000,58,4,1,3,4,reel,4,1,3375,1412,0
16525,174,11,5,11,19,image,20,1,3560,5976,1
134670,1506,113,15,83,23,image,14,1,1607,73862,2
1064,24,1,0,2,25,image,8,4,3632,2413,0
4090,273,13,6,10,19,reel,0,3,1047,6532,1
2089,57,2,2,6,18,reel,19,4,2696,5292,1
1619,66,4,3,2,26,image,14,1,305,3237,0
4504,417,29,11,23,7,reel,5,2,603,8493,1
105817,4017,222,44,347,30,video,21,4,698,122441,2
221304,19532,1213,858,1208,6,image,18,3,2099,193674,2
4426,87,4,1,6,24,video,1,2,2532,5198,1
249973,13623,450,217,1106,29,image,0,2,147,148528,2
8638,284,6,12,15,7,video,0,2,748,4257,1
190354,540,31,10,42,20,image,6,1,3230,85258,2
6850,266,16,9,30,25,image,9,4,1351,5383,1
10258,273,16,5,8,9,video,22,1,2628,3915,0
15644,483,25,18,40,16,image,20,4,129,15967,2
2475459,49828,2020,1791,2930,24,reel,23,0,1597,1665681,2
37508,2494,86,75,268,20,video,22,2,1399,23411,2
2268,231,5,7,8,25,image,0,3,2894,3999,1
46360,981,28,18,34,8,reel,19,6,2376,40662,2
4224,294,16,3,19,15,image,22,4,286,4598,1
3355,72,4,3,6,25,reel,15,2,824,4473,1
41584,956,71,43,29,6,image,23,2,2040,30545,2
8569,358,8,14,36,13,image,10,5,43,3830,0
13378,443,30,16,26,16,video,18,6,445,10099,1
8309,259,14,7,29,25,reel,18,5,3047,9570,1
14851,808,30,26,90,23,image,5,6,105,12379,2
17412,900,57,33,88,13,reel,18,1,2640,25739,2
1000,58,4,0,5,29,video,11,3,2019,3449,0
26898,1056,45,28,88,19,image,4,3,3624,17217,2
1383,43,2,0,4,19,video,2,2,2161,2727,0
1000,37,1,0,1,3,reel,17,0,520,1052,0
7294,301,9,12,31,7,video,19,1,2261,5600,1
9425,724,20,17,58,2,image,19,2,2483,10208,1
2325,161,3,6,16,0,reel,23,2,1096,2901,0
36165,3230,204,157,240,29,reel,21,1,961,54079,2
1000,69,1,3,5,8,reel,4,2,1489,1653,0
3895,100,6,4,6,22,reel,17,5,1848,6300,1
2827,46,3,2,3,16,image,5,2,948,2022,0
7451,78,5,2,4,5,image,17,1,2733,2029,0
13385,260,9,10,25,25,video,10,3,3116,6261,1
1320,57,1,2,2,18,image,21,0,639,2169,0
29843,996,46,49,113,23,video,2,1,2713,33123,2
9076,107,3,3,11,24,image,4,0,1715,5502,1
1000,39,1,1,4,25,reel,14,0,521,3988,0
1000,30,1,1,3,18,image,13,5,1004,1770,0
7925,331,19,13,22,5,reel,20,0,3362,9499,1
5443,142,4,2,15,13,image,21,1,591,4949,1
6726,575,19,19,40,22,reel,6,1,201,10812,1
7705,170,12,5,6,25,video,15,4,2647,4547,1
12161,345,26,12,11,16,image,18,2,2005,9741,1
44612,689,40,32,24,1,image,22,1,965,13732,2
1096,89,4,3,4,30,video,8,5,2745,5127,1
1000,45,2,2,2,19,image,1,1,1947,2266,0
1132,32,0,0,3,17,reel,8,6,890,3311,0
13630,437,32,5,22,14,reel,5,5,2537,12684,2
76183,3656,118,91,410,13,video,1,6,3096,70172,2
3727,150,9,4,15,20,image,5,4,1634,3073,0
1000,65,2,2,6,19,image,4,1,2883,2235,0
1000,27,1,0,2,9,image,1,4,512,1433,0
1809,47,3,1,5,12,image,18,5,258,2371,0
2969,140,9,3,5,5,video,14,6,74,2360,0
3885,304,13,15,22,9,video,3,0,1257,4486,1
8685,279,15,4,16,30,image,9,6,1413,4333,1
4623,154,8,2,8,7,image,20,5,3222,4030,1
53573,2536,160,88,178,26,video,5,5,3616,60445,2
2399,55,2,2,4,13,reel,5,1,2333,2773,0
1716,15,0,0,1,28,image,17,0,3552,2167,0
19186,2196,134,24,118,17,image,9,4,3549,11986,1
1000,17,0,0,1,23,image,16,1,1653,2349,0
16341,820,48,12,36,12,image,4,1,993,12662,2
9745,211,6,2,18,2,video,0,6,1536,7187,1
6214,212,13,5,12,11,reel,12,6,83,7231,1
141336,5076,219,78,591,19,reel,10,4,2369,170609,2
2643,59,4,1,5,7,reel,20,4,3203,3828,0
330557,35314,893,1429,1263,11,image,17,3,3044,256752,2
5400,645,30,7,72,1,image,8,5,939,6426,1
1000,37,1,1,2,10,image,2,3,2123,1661,0
9189,325,23,9,36,3,video,13,4,3237,4889,1
1167,44,1,0,1,7,image,19,5,2652,1712,0
2094,49,2,1,2,11,image,7,5,239,2137,0
16558,733,19,9,40,5,image,14,4,116,5146,1
22027,497,33,23,45,2,reel,0,5,3326,9723,1
2644,103,3,3,10,4,image,17,1,3211,2053,0
47921,984,54,21,85,20,image,20,0,2762,13168,2
65089,2076,62,97,73,3,image,6,0,1981,32321,2
107510,3919,161,101,270,1,image,16,5,3562,29511,2
21013,382,10,7,28,22,video,17,2,1813,18683,2
94293,4938,261,125,307,14,video,5,5,2229,82328,2
1000,41,0,1,2,28,reel,4,6,812,4379,1
4572,139,11,5,10,11,reel,9,4,1238,6264,1
1701,54,2,1,4,11,image,20,2,521,1716,0
10042,737,42,34,63,1,reel,8,0,1960,16133,2
2896,153,5,7,7,3,video,4,6,1363,3535,0
6008,173,6,3,19,26,reel,6,2,2596,8895,1
239884,35588,2518,1654,3719,6,image,6,4,3361,286064,2
5970,183,11,2,18,2,image,12,5,3073,5638,1
17065,451,26,21,46,23,video,16,6,2054,12446,2
5334,314,20,6,24,30,reel,6,3,2895,7448,1
9286,109,3,2,12,10,reel,8,6,1521,4498,1
8191,200,15,5,12,11,image,11,5,2298,3009,0
18160,518,24,8,35,20,image,7,2,533,9816,1
66009,4797,345,206,496,3,reel,10,2,378,46856,2
157205,3108,199,46,336,6,image,1,3,254,65174,2
14147,144,5,3,10,27,video,9,5,1103,8677,1
23416,1385,75,64,147,23,reel,19,4,2225,39431,2
1020,38,2,1,3,4,image,10,5,1740,692,0
6917,480,10,16,31,20,image,11,0,3499,5775,1
44025,777,35,38,86,29,image,14,2,277,10906,1
38512,1801,103,19,135,6,image,9,1,1651,21981,2
11859,170,6,3,18,6,video,10,0,1470,5996,1
39955,2412,94,36,248,28,reel,5,5,888,42812,2
19601,839,54,14,32,29,reel,18,6,1989,18584,2
70301,1314,98,24,142,16,image,13,6,1394,38134,2
13641,263,13,9,11,14,reel,0,6,810,11003,1
4271,93,7,1,9,6,image,13,2,1877,3425,0
14831,618,16,22,60,1,image,8,1,825,4227,1
1000,64,2,2,6,17,video,0,2,2758,2351,0
16142,146,3,3,16,4,video,12,3,1350,14812,2
1000,33,1,1,2,12,image,2,6,1672,1707,0
1000,2,0,0,0,29,image,4,2,654,2683,0
18273,1756,56,70,146,28,reel,14,1,3385,24874,2
19140,1477,69,39,136,14,video,12,6,670,24944,2
1000,73,4,3,4,9,image,6,6,2350,1468,0
2248,56,3,1,2,30,reel,20,5,2353,8072,1
95508,2412,139,91,178,27,image,23,0,466,46907,2
3390,86,4,2,9,18,image,2,3,564,2631,0
459207,35332,2798,878,3064,23,image,5,1,443,262734,2
8075,238,14,6,26,13,image,0,1,3407,4024,1
16889,152,11,5,11,21,image,3,0,2026,5884,1
148802,6209,478,187,715,17,image,8,2,569,89156,2
10258,509,36,21,51,5,video,1,0,2936,7536,1
1333,33,0,0,2,2,image,22,0,3401,929,0
6650,67,3,3,4,2,image,16,1,1961,4030,1
7599,422,18,19,50,24,video,1,3,2051,5094,1
1000,49,1,0,5,26,image,6,4,2940,3113,0
5112,12,0,0,0,15,video,17,6,1559,5398,1
2130,121,3,3,12,17,image,6,1,320,2868,0
42780,447,24,5,50,28,reel,11,5,2704,36545,2
8623,126,8,2,6,29,reel,2,6,1220,13720,2
4870,76,3,2,5,22,image,20,5,2433,7055,1
6693,423,32,14,41,16,video,1,2,204,6972,1
12107,763,50,13,28,13,reel,2,2,1271,15340,2
24594,494,33,23,50,18,video,5,3,1319,15792,2
1340,23,0,0,1,23,image,8,5,1165,2331,0
1242,95,7,1,6,30,image,9,4,2089,3184,0
59184,1402,30,23,89,20,video,16,3,1599,32083,2
3857,183,12,8,17,22,image,15,0,3381,4009,1
1000,62,1,2,3,0,reel,0,4,2638,1135,0
18013,408,12,4,29,11,image,2,4,1696,12127,1
18658,944,36,36,50,8,image,7,3,1010,14781,2
1000,8,0,0,0,25,image,8,0,1389,2131,0
12247,121,8,1,12,7,image,18,3,1155,4816,1
30456,1007,60,13,50,9,video,23,5,2490,27891,2
15897,221,14,9,11,20,image,6,6,3403,8917,1
25274,1001,37,27,34,16,video,16,3,2630,25345,2
1000,30,2,0,2,12,reel,6,5,3414,2601,0
14703,161,7,1,8,7,reel,23,0,649,8056,1
4699,238,17,10,19,27,reel,14,0,345,6584,1
3398,41,2,2,3,30,video,1,4,2566,5575,1
38832,2847,119,55,97,2,reel,2,6,3583,32920,2
116156,2896,117,105,139,28,video,9,0,1984,49263,2
204815,10565,642,392,688,25,image,10,1,1667,93135,2
86392,718,54,34,78,27,reel,5,6,1873,83903,2
6650,182,10,5,7,13,image,1,6,591,5013,1
15289,402,28,7,38,12,image,22,3,3583,5490,1
32218,779,60,19,90,18,image,16,0,239,18321,2
10078,475,18,16,17,22,video,21,2,2822,14064,2
10253,172,8,4,10,28,video,6,4,1541,10608,1
35694,212,11,2,21,8,video,13,2,2980,7629,1
7282,37,1,1,4,29,image,15,2,2674,3904,0
2180,62,4,2,3,12,image,7,3,3004,2301,0
3842,237,8,6,20,20,image,15,3,2677,3848,0
25362,1125,70,34,107,24,image,13,5,2374,24740,2
8146,685,35,20,45,20,image,20,3,1957,10590,1
14948,493,34,15,44,1,image,20,3,122,4710,1
27068,1739,88,24,138,27,reel,22,2,3020,31226,2
4126,305,16,8,34,1,reel,13,4,1364,4406,1
31610,2755,85,76,216,16,image,1,4,1425,32087,2
16025,381,26,19,29,20,image,18,0,2806,7626,1
1000,98,4,1,8,7,reel,9,0,292,2589,0
108678,4868,266,109,212,24,video,16,5,680,95761,2
3290,103,7,3,8,18,reel,16,0,3381,5309,1
1000,72,3,3,2,11,reel,2,3,3496,2319,0
1235,20,0,0,1,4,image,4,5,3389,1385,0
1289,18,0,0,1,20,image,18,3,55,2954,0
8900,471,25,14,49,3,image,13,0,1429,8507,1
4949,68,2,1,6,27,video,5,1,2052,7065,1
4419,181,7,5,12,3,reel,20,1,1161,4492,1
24722,645,21,24,57,3,image,20,0,335,8569,1
14939,823,38,25,47,6,reel,5,2,159,10203,1
14312,957,45,32,62,25,video,7,2,2783,19835,2
16944,1044,53,12,38,26,video,4,4,2930,20841,2
24564,647,35,23,25,18,reel,13,5,2263,16921,2
1000,29,1,1,3,24,video,18,4,414,3584,0
4204,136,5,4,15,13,video,6,3,1496,4688,1
1000,31,2,1,2,30,reel,0,5,1711,5264,1
8646,112,5,3,4,1,video,0,1,397,4355,1
8035,170,11,6,6,18,image,6,3,714,7671,1
53207,1065,56,23,36,11,video,18,4,1665,35604,2
68716,1418,59,69,154,10,video,8,5,994,46793,2
11672,582,37,10,40,24,reel,17,2,1296,15176,2
3292,160,4,2,17,23,image,21,3,831,4515,1
19405,1302,101,15,81,16,image,22,1,710,14364,2
3133,171,9,5,14,27,image,7,2,3601,4308,1
8082,43,1,1,3,5,reel,13,5,695,10200,1
47812,2069,93,74,71,2,image,17,5,2164,37519,2
2969,194,12,3,17,7,image,4,1,3098,2682,0
34552,1955,47,70,199,2,video,16,6,1082,19694,2
27428,974,34,16,31,26,video,4,4,1220,24890,2
1452,96,7,3,3,15,video,13,6,2110,2764,0
46770,2805,116,58,215,13,image,9,5,389,31067,2
28493,1226,36,32,143,15,reel,9,0,2361,31329,2
9734,398,10,9,46,2,image,7,0,602,4756,1
2054,167,9,4,6,20,image,11,6,2747,2808,0
1725,51,2,1,5,30,video,9,4,2423,3395,0
3078,74,4,3,7,4,image,6,6,1473,1690,0
21518,687,53,21,74,7,image,5,0,1368,14800,2
1450,49,1,1,1,24,image,11,1,646,2538,0
17810,1156,36,25,135,24,video,23,5,234,17419,2
1000,86,2,3,8,8,reel,15,5,3565,2144,0
5612,120,5,3,10,0,reel,2,1,228,2982,0
9871,57,1,2,2,22,image,1,6,679,3748,0
660818,16980,757,581,876,7,image,17,1,245,108567,2
1000,17,1,0,1,25,reel,13,2,1763,3432,0
114648,11344,338,545,1215,10,image,13,0,2699,104762,2
10611,859,64,8,84,30,reel,8,3,959,22756,2
16985,314,23,11,36,26,image,13,3,3107,7899,1
10026,812,41,21,55,2,image,14,4,2230,4601,1
18042,452,32,6,50,23,video,14,2,3090,14798,2
6144,119,7,1,13,22,image,22,3,1438,2800,0
111000,2448,101,88,77,9,video,21,3,2005,52212,2
3562,199,10,3,10,28,image,20,1,841,5397,1
62194,2131,57,94,217,24,image,16,5,1450,40819,2
2540,105,5,2,9,8,video,16,6,3315,2545,0
7270,400,27,9,20,25,reel,6,0,1178,12656,2
1176,23,1,0,2,22,video,20,2,1508,3347,0
18380,372,15,6,21,15,image,6,1,2728,5670,1
109231,1356,81,13,114,27,reel,2,1,1034,53116,2
7049,134,10,3,15,15,image,19,0,2955,6877,1
5685,69,1,2,3,8,image,9,2,1035,2121,0
1089,42,1,1,1,15,image,11,4,3429,1717,0
5362,147,4,4,13,14,reel,15,2,2520,4306,1
1000,68,5,2,6,5,image,16,4,3596,1234,0
1566,55,2,2,3,17,image,1,0,2091,2013,0
12188,82,2,2,5,25,image,9,5,2582,5334,1
87048,1202,68,50,90,27,image,18,3,2505,48873,2
1272608,58853,2944,736,6087,22,image,17,5,726,909590,2
2819,103,2,3,9,15,image,15,3,132,2576,0
107316,6575,472,164,358,26,image,10,4,3514,75511,2
12566,411,25,11,22,28,image,8,3,2188,10326,1
6171,247,5,3,14,25,image,11,1,474,4561,1
17653,380,29,5,16,24,image,4,1,2230,9795,1
9058,417,12,9,17,24,image,22,5,1041,5543,1
9884,81,1,1,8,15,video,4,2,1261,6444,1
3885,324,14,8,33,24,video,11,0,3043,6043,1
1000,37,1,1,1,11,image,18,3,2017,1687,0
1000,28,1,0,2,29,image,5,5,1895,2857,0
26261,419,16,14,34,27,image,23,5,2050,9010,1
4924,228,7,5,21,18,reel,12,5,914,9601,1
2771,89,7,1,9,22,reel,3,6,2868,4366,1
8228,158,6,3,9,25,video,0,1,1926,5582,1
33890,1226,55,39,109,17,reel,7,5,1477,47748,2
11211,177,6,6,10,24,image,6,2,2819,8389,1
2487,63,4,2,7,22,video,1,6,2159,4787,1
73668,524,16,10,29,8,video,14,1,1021,24969,2
139042,11502,318,373,992,4,image,12,5,2815,77823,2
19736,788,57,22,37,17,reel,1,5,1844,21335,2
46751,1403,43,61,88,0,image,19,4,394,17526,2
75775,3612,258,141,222,22,reel,10,2,1069,84725,2
61955,3835,209,58,374,21,image,14,3,2616,25640,2
24474,567,39,27,31,3,image,14,2,1470,5386,1
23790,1654,40,40,98,9,image,20,0,2581,21336,2
20648,383,29,18,11,16,image,5,3,797,7207,1
1124,63,2,1,3,22,image,1,4,3475,2336,0
28603,276,6,7,15,0,image,5,5,2592,9670,1
1000,10,0,0,0,17,image,16,0,916,1560,0
1938,19,0,0,1,7,reel,16,4,1167,1952,0
84661,1937,79,74,229,12,video,7,2,1204,61846,2
36768,1939,107,27,153,15,image,23,4,1865,25341,2
117867,4655,112,77,170,6,image,16,3,1262,80161,2
4969,215,6,4,22,9,video,7,6,2943,2633,0
1018,19,0,0,0,12,image,23,0,740,1183,0
5256,103,4,5,10,23,image,4,1,542,4444,1
9736,432,23,12,28,8,image,0,5,213,4938,1
9341,121,7,3,4,19,image,23,1,2425,7007,1
62356,1481,60,27,174,11,image,10,1,3258,13435,2
4228,93,4,2,6,8,reel,20,4,1226,5441,1
15270,733,26,36,78,3,video,20,3,2967,14875,2
1367,100,4,4,6,0,reel,22,1,1797,1501,0
18225,1378,31,52,98,10,video,18,2,1056,16550,2
8148,132,7,2,8,7,image,1,4,2622,5391,1
2101,31,0,1,1,23,video,13,0,32,3846,0
5300,167,10,8,16,16,reel,22,6,3374,8238,1
5816,338,7,16,11,1,reel,18,2,3596,11726,1
4982,203,4,6,15,23,video,20,3,3146,4995,1
196499,4367,161,71,235,12,image,18,4,3219,148316,2
6787,254,11,12,20,18,video,7,1,3289,8411,1
5223,205,12,6,10,3,image,18,3,1631,5868,1
1000,15,0,0,0,1,image,14,6,209,314,0
1620,122,9,1,9,3,image,13,6,2040,1772,0
5046,126,5,4,12,14,image,4,2,1554,2293,0
2357,33,0,1,3,27,image,2,6,2925,3883,0
97447,4281,306,204,222,29,reel,10,0,2931,111412,2
6021,136,8,6,9,24,video,5,6,3004,6155,1
82388,4918,118,163,301,28,video,14,2,2968,61519,2
9054,147,3,7,12,23,reel,7,2,3073,6294,1
8664,46,2,0,2,23,image,2,0,1549,4490,1
6906,312,12,4,12,13,video,0,4,2373,3391,0
8158,186,10,2,15,8,reel,23,0,1063,5435,1
178765,14915,494,610,495,19,image,2,5,2262,172152,2
1000,25,1,1,0,0,image,22,0,2017,481,0
1000,24,1,1,2,5,reel,13,3,191,1403,0
3048,135,8,6,14,14,reel,20,3,2733,6497,1
8317,271,7,8,21,19,image,21,6,2459,5121,1
28062,1045,59,42,33,11,video,3,3,2534,23936,2
18987,643,46,15,39,23,video,12,2,874,10658,1
4057,92,1,3,5,20,reel,16,5,937,4809,1
50730,3936,206,157,373,8,reel,15,6,159,48631,2
51758,1031,35,28,106,2,image,21,3,31,38181,2
11285,381,18,4,23,8,video,4,5,2642,9006,1
45834,2584,178,53,175,28,reel,3,6,3239,46239,2
13236,482,29,21,24,7,image,20,3,1466,13630,2
2949,88,5,2,8,22,reel,15,6,1642,5740,1
28454,1396,45,36,85,21,video,22,5,1432,27873,2
9888,451,31,21,42,30,image,4,1,3044,7305,1
8122,268,15,6,25,28,video,1,3,3086,7904,1
114842,6892,166,159,303,26,image,16,0,3185,62055,2
1000,42,3,1,4,9,image,18,5,332,1426,0
1000,38,0,0,3,13,reel,15,4,3429,3090,0
1000,66,1,1,5,15,video,1,0,70,2255,0
4213,377,26,14,14,20,reel,20,0,1307,7750,1
5124,204,4,5,9,4,image,6,4,1084,3308,0
1000,25,0,0,0,26,reel,11,2,2418,4447,1
1375,39,0,0,2,19,image,0,0,994,2211,0
1720,88,6,3,4,6,reel,18,0,2189,2420,0
675604,36681,831,1139,3843,1,reel,19,6,3258,506456,2
207551,17886,757,787,1238,0,reel,4,3,624,284788,2
3861,266,8,9,18,11,video,1,5,3212,5131,1
4211,206,8,3,23,9,image,15,3,1612,3305,0
1023,36,1,0,2,4,reel,13,6,2194,1541,0
1000,40,2,1,2,13,image,21,5,1589,2281,0
6565,473,31,18,56,0,image,7,6,748,4186,1
1344,192,14,6,13,19,image,17,4,721,3384,0
6955,329,20,11,27,13,reel,20,0,191,6072,1
1000,28,1,1,1,8,reel,21,2,1387,2819,0
2055,25,0,0,2,14,reel,2,0,385,3342,0
10588,676,35,30,67,13,video,15,3,1609,12504,2
15664,680,28,19,58,26,video,8,3,1748,13281,2
17179,1219,71,44,63,20,reel,13,3,2925,22869,2
1000,29,0,0,3,7,video,16,6,2674,1497,0
37738,1287,80,24,97,25,image,21,1,3137,20269,2
1919,101,3,3,10,10,reel,11,6,121,3671,0
25314,1624,77,39,50,7,reel,7,5,2626,16793,2
7949,362,28,16,27,22,video,4,3,1023,10032,1
1000,66,2,2,7,24,video,17,3,2945,2984,0
4586,266,7,9,24,0,reel,8,2,3317,5287,1
15641,566,18,14,22,29,reel,16,4,386,22676,2
24424,255,10,11,23,19,image,6,5,1886,15499,2
6286,332,17,15,10,12,reel,19,0,2046,10140,1
127669,4795,377,97,302,23,reel,16,6,1030,126582,2
49688,1050,75,32,53,17,reel,11,0,967,34953,2
5105,360,22,16,18,29,image,23,1,538,4886,1
31263,2391,151,33,80,0,image,11,4,1545,21709,2
263241,17990,666,394,1538,16,image,12,0,2575,222414,2
276197,19661,1487,947,1902,22,image,0,5,2575,251679,2
1000,3,0,0,0,1,image,15,1,2838,618,0
1528,106,3,5,8,27,reel,22,2,3458,6007,1
117342,4733,364,119,353,10,image,13,4,2323,58356,2
1206,10,0,0,1,0,image,9,6,1322,481,0
1000,19,0,0,1,11,image,15,1,1037,1234,0
3377,126,8,3,14,26,reel,13,5,2121,5717,1
17264,1105,37,51,115,29,reel,5,4,1629,16584,2
6739,225,7,8,20,4,image,4,3,417,1914,0
2512,34,1,1,1,12,image,21,6,1472,2930,0
2407,18,0,0,1,26,image,14,4,2501,3055,0
2247,177,6,8,17,0,video,21,5,664,2027,0
1663,16,0,0,0,16,reel,8,4,892,2460,0
492347,23958,1036,365,1299,16,reel,22,3,1046,486820,2
13842,293,9,7,22,11,reel,14,2,1728,11555,1
39981,1021,51,20,56,9,reel,20,1,2982,49456,2
3359,114,5,2,13,29,image,17,0,1209,3608,0
5798,392,9,18,18,11,image,22,2,492,5130,1
2243,28,0,1,1,18,image,14,5,213,2118,0
1000,46,1,0,1,23,image,18,2,2252,2911,0
1000,48,2,0,3,1,image,0,3,2712,992,0
1000,31,2,0,2,25,image,12,2,345,2364,0
1000,28,0,1,2,23,image,19,5,2272,2704,0
1000,26,0,0,1,5,image,19,4,3307,813,0
87984,4140,83,135,468,5,reel,13,2,2990,52260,2
7480,388,21,13,24,17,video,22,6,3415,8246,1
82703,5885,232,282,251,28,image,5,0,3456,46121,2
16979,818,49,17,38,27,image,19,0,2874,9610,1
33143,362,22,5,25,5,video,7,0,1517,13618,2
1601,143,3,4,11,18,reel,6,0,2552,4530,1
20808,661,29,32,55,15,image,19,1,2768,9246,1
30082,2516,196,96,92,21,reel,19,4,2791,37884,2
2869,107,3,4,11,16,reel,22,5,1151,3848,0
22185,2114,109,96,127,17,reel,10,0,1630,22535,2
22452,496,25,9,26,17,video,19,0,1597,10081,1
3013,98,3,3,9,0,image,18,6,2953,2743,0
1073,41,2,1,3,16,image,21,5,3056,2580,0
1000,29,0,0,3,4,reel,7,5,3502,1201,0
9468,499,16,17,33,13,reel,11,4,3283,8021,1
14597,278,15,5,12,16,video,16,2,443,6182,1
1945,32,2,1,3,22,image,10,2,1391,2196,0
8500,217,4,4,15,26,image,23,2,1496,7437,1
22628,248,13,6,22,4,image,19,3,2936,11319,1
24655,1072,21,39,36,18,reel,0,0,123,18539,2
132373,4021,230,129,242,24,image,9,6,2803,57755,2
80705,1008,45,14,119,10,image,12,6,3265,21394,2
1336,6,0,0,0,1,video,16,0,705,355,0
167787,5478,427,248,649,28,image,12,3,1267,112398,2
3115,4,0,0,0,26,image,14,2,2295,3517,0
53144,1051,33,39,78,21,image,14,2,2182,11798,1
9157,527,42,5,42,23,video,3,2,1826,8622,1
3858,165,5,6,6,9,image,8,3,1108,3390,0
1000,74,4,2,7,24,image,7,6,257,2708,0
5950,201,12,5,19,30,video,8,5,933,5952,1
1000,36,2,0,3,9,reel,5,6,2011,2228,0
46218,675,29,11,43,14,video,22,1,872,35798,2
124271,6968,430,92,375,26,video,3,5,3576,88989,2
1930,81,4,2,8,6,video,7,2,728,1955,0
13954,280,12,6,32,21,reel,10,2,2854,18221,2
2195,157,11,4,10,0,image,14,0,1229,1394,0
2614,56,1,1,1,30,image,4,6,757,3998,0
32666,1616,54,55,179,2,reel,16,0,776,29514,2
7560,55,3,1,5,0,image,1,3,830,1217,0
185603,8155,256,250,737,12,image,1,6,3518,140673,2
3401,170,11,2,19,24,image,4,4,1185,3382,0
48962,1343,54,14,121,6,reel,5,0,1157,27171,2
9656,800,36,26,68,19,reel,14,6,95,17181,2
33941,739,45,19,69,10,image,19,4,1222,17772,2
3623,170,12,4,12,30,image,19,1,296,4340,1
7411,138,8,3,7,14,image,4,1,713,5897,1
6582,497,12,7,26,13,image,11,6,2634,3769,0
1799,48,1,0,4,0,image,4,4,2318,498,0
26682,566,36,20,29,8,image,14,2,2009,14694,2
26119,292,21,8,33,0,reel,6,2,845,24955,2
23585,526,30,18,34,27,reel,15,6,2550,21016,2
128867,7828,436,118,681,14,image,18,2,602,96176,2
110064,1206,51,51,40,10,image,15,3,2620,66329,2
4126,48,2,1,3,7,video,0,0,2570,2304,0
15859,851,39,29,56,21,image,23,1,296,9965,1
2637,6,0,0,0,19,image,10,5,2213,3067,0
8450,311,6,8,10,10,image,14,5,3455,8482,1
2753,122,6,5,8,8,video,16,6,2272,3540,0
149660,5262,266,75,564,29,image,13,0,3540,49887,2
15594,527,18,6,47,1,image,22,3,3055,10577,1
5472,194,14,2,19,16,reel,20,1,153,7703,1
69460,1875,60,93,185,29,image,15,5,3297,47292,2
1000,9,0,0,0,9,reel,14,1,275,1378,0
1000,10,0,0,0,1,image,8,0,763,711,0
33945,509,35,14,33,25,image,10,5,2998,23000,2
9034,192,13,2,6,28,image,0,0,1800,7302,1
12718,587,39,25,27,1,reel,17,6,2231,13710,2
1000,64,3,1,5,11,image,3,5,1085,1606,0
7771,372,21,7,41,2,image,5,4,3621,6819,1
298437,11403,814,497,970,27,image,13,1,351,185419,2
35723,1751,79,35,113,25,reel,16,1,924,37002,2
10998,350,21,15,36,25,reel,0,1,3079,12415,2
3676,100,2,4,7,10,video,18,2,2910,2605,0
3982,424,22,18,22,22,image,3,1,1058,5787,1
1000,57,1,2,2,5,image,15,1,1929,925,0
12884,823,49,19,86,4,image,18,2,162,13802,2
37118,2623,111,94,224,18,image,4,0,2040,32465,2
1000,9,0,0,0,29,reel,9,6,3110,4394,1
2463,75,3,2,7,7,video,12,5,786,1647,0
1008,34,2,1,2,14,image,13,1,3410,1411,0
1425,8,0,0,0,30,reel,19,1,2227,4815,1
8921,89,1,3,7,13,image,22,6,201,3800,0
1000,39,1,1,1,25,video,9,0,1517,3004,0
24481,300,18,6,16,21,image,14,5,645,15896,2
31474,4530,245,221,354,27,image,22,0,828,44499,2
5156,301,11,13,10,10,image,14,0,328,4841,1
1000,15,0,0,1,25,image,1,6,3060,2428,0
1348,4,0,0,0,25,reel,7,3,2445,4114,1
74549,7033,249,211,446,27,reel,15,2,805,121056,2
1000,8,0,0,0,28,image,23,0,332,2510,0
4334,118,2,1,10,10,reel,5,4,1117,5325,1
1000,38,2,1,1,25,image,5,3,1059,2658,0
34483,1082,73,32,112,20,image,15,0,344,8983,1
2403,29,1,0,1,2,image,2,4,480,1397,0
16766,571,45,28,30,28,image,22,3,2478,15354,2
22422,398,13,12,15,22,image,21,6,2746,18037,2
220842,12647,817,335,1432,21,reel,13,5,1057,247370,2
5623,221,14,9,14,2,reel,8,4,1462,4564,1
15944,417,29,6,26,30,image,10,0,3498,6757,1
1000,26,1,0,1,30,image,13,1,1274,2798,0
69060,2191,68,46,165,26,video,20,2,2715,76562,2
2061,37,0,1,2,10,reel,17,6,3070,2602,0
2953,29,0,1,1,2,image,11,2,3293,836,0
7784,305,21,10,29,23,image,15,3,3537,5159,1
1000,22,0,0,2,15,reel,13,6,741,3088,0
12231,931,49,26,57,7,video,2,0,3473,9651,1
46232,1508,32,49,84,8,reel,7,4,2346,19234,2
13729,259,12,8,16,20,image,4,6,878,8218,1
1000,81,3,1,9,27,reel,13,6,3215,5444,1
6484,292,15,4,24,17,reel,23,3,1444,7096,1
30811,1174,49,54,52,29,image,17,2,3511,17163,2
1000,19,0,0,1,17,image,15,1,1718,1948,0
1170,16,0,0,1,17,video,12,4,2384,2121,0
39252,1010,77,50,31,11,image,8,6,1766,29416,2
13176,450,25,11,52,1,image,5,3,3461,8271,1
17009,249,14,9,10,7,image,21,4,1736,9867,1
230289,12773,957,218,858,10,image,0,1,564,85538,2
18833,816,43,38,72,19,reel,21,5,3208,15500,2
26481,1823,103,24,150,5,image,5,2,176,24789,2
1065912,59263,3045,2858,1800,15,image,19,2,2746,534697,2
5514,202,6,7,17,16,video,20,1,1714,6906,1
1927,55,2,1,5,15,video,22,4,2538,2969,0
17501,1665,121,28,177,30,image,23,0,1178,10426,1
17857,231,10,10,10,5,image,12,6,850,11686,1
3139,74,2,0,2,10,image,13,6,3383,2332,0
1263,35,2,0,4,11,reel,0,6,704,2935,0
517994,40851,1031,1507,3727,22,image,19,6,88,340290,2
14593,348,20,4,24,20,image,13,5,1493,5821,1
2168,70,4,2,6,25,reel,1,5,1178,5228,1
42136,2202,84,72,97,16,image,8,2,2181,21770,2
6657,676,20,7,78,25,reel,20,1,1296,18018,2
5140,340,15,8,30,0,reel,9,0,1327,5726,1
22294,2640,172,29,287,4,image,6,0,2611,16549,2
1000,8,0,0,0,18,reel,6,4,2806,2561,0
15286,816,56,15,83,7,image,4,1,36,10890,1
253550,11438,303,429,680,9,reel,12,1,639,155680,2
18753,735,24,27,30,6,image,6,6,3107,7307,1
4116,119,6,4,7,4,image,14,1,3273,2500,0
3252,238,14,5,26,9,image,11,1,3413,3315,0
3871,74,1,1,6,28,image,15,3,1317,3097,0
5130,189,5,5,13,1,image,14,1,1782,3043,0
4104,13,0,0,0,30,image,1,0,569,4430,1
42165,673,27,27,56,16,image,0,4,421,23570,2
1000,21,1,0,1,23,image,7,3,2201,2018,0
38238,2312,177,92,179,22,image,8,3,213,30450,2
4091,37,0,0,3,1,video,10,1,626,2199,0
15970,279,14,8,14,8,video,16,4,965,10133,1
1065,22,0,0,1,26,video,23,3,198,2902,0
88568,4874,213,73,281,19,video,18,3,517,73960,2
76278,3278,78,159,158,11,image,8,6,78,57243,2
45581,2569,95,91,154,16,image,5,4,1851,32004,2
1000,43,1,0,4,13,reel,8,6,2163,2326,0
36041,4369,275,52,175,3,image,5,6,1515,20868,2
16793,523,30,21,28,29,video,13,0,1407,12302,2
1000,75,4,3,5,7,image,16,1,724,1150,0
7756,160,8,2,10,26,image,6,4,3167,6218,1
15617,581,23,11,60,7,image,14,0,3046,9271,1
22047,706,24,25,70,18,video,8,5,1586,12503,2
11148,594,12,15,54,15,reel,11,2,2203,13635,2
13687,717,20,16,39,27,video,5,2,3486,15684,2
114978,12248,406,330,390,19,reel,13,3,2297,134675,2
73633,1619,127,48,94,18,video,2,2,1900,41282,2
1000,32,2,0,2,9,reel,11,3,2504,1590,0
4576,97,6,2,3,26,reel,10,5,2933,8755,1
6024,49,2,0,5,3,image,9,3,3161,1600,0
1000,12,0,0,1,15,image,21,6,674,2636,0
9600,372,20,18,35,8,reel,18,3,2473,12786,2
76708,1948,114,23,131,14,video,13,5,3272,35544,2
1146,68,2,0,6,1,image,21,3,511,592,0
14846,455,35,20,24,21,reel,15,5,3560,18033,2
1558,33,2,1,3,23,image,15,6,1417,2806,0
2417,96,3,4,6,21,reel,11,6,3287,3947,0
115763,3367,171,52,310,21,video,6,0,1918,93480,2
3051,54,3,1,1,1,reel,7,1,1734,2262,0
18619,234,17,8,20,20,video,23,6,700,15253,2
1000,23,0,0,1,10,image,16,5,2914,1195,0
231462,8554,419,124,335,19,reel,2,4,3434,110166,2
23975,633,24,16,43,19,image,5,4,3465,6420,1
5834,224,9,4,8,9,reel,22,0,943,5258,1
22833,1738,58,62,81,4,image,5,3,2390,8285,1
1000,9,0,0,0,3,image,13,0,2825,917,0
68087,2160,97,65,77,13,reel,8,4,3489,41501,2
4522,77,3,2,6,18,video,17,4,3475,3189,0
5612,119,7,5,4,0,reel,20,4,2294,8063,1
3344,24,1,1,2,22,reel,10,4,1025,5653,1
2849,57,2,2,6,7,image,0,6,689,2916,0
28294,1141,54,18,78,25,reel,8,3,1679,22937,2
12844,454,30,20,53,21,reel,0,5,2351,9336,1
26190,1390,67,25,121,22,reel,5,3,930,37127,2
7975,173,9,2,14,6,reel,9,5,2304,10362,1
20409,1222,37,33,55,20,video,2,1,3008,15678,2
3812,365,7,13,42,21,reel,0,3,2042,9146,1
448434,31160,2361,497,3350,25,video,7,4,2909,461395,2
1000,80,2,1,3,17,image,0,6,1190,2181,0
78408,3232,132,42,105,23,reel,6,6,3264,87064,2
95057,2906,78,100,181,14,image,2,1,3602,22589,2
1747,29,1,1,1,29,image,12,2,257,3367,0
448064,22809,1464,702,1374,21,image,19,0,1024,185819,2
48624,1801,110,50,209,0,image,20,4,2709,27291,2
46539,2615,186,114,281,24,reel,14,0,2761,38913,2
8522,204,7,5,14,4,image,2,0,2128,5797,1
5480,224,8,6,12,2,video,1,5,2060,5419,1
5558,183,14,6,15,17,video,17,3,1563,3958,0
16365,442,20,16,50,15,video,17,1,2084,11687,1
100925,11740,822,482,1187,12,image,6,5,3250,109043,2
11230,146,8,1,15,12,video,23,5,207,5007,1
1570,53,1,2,5,10,image,15,5,3170,1562,0
35737,956,74,26,72,28,reel,10,5,320,23133,2
42534,1768,69,81,75,23,image,15,3,2563,27738,2
26327,295,17,9,30,24,reel,0,6,1283,34387,2
31004,2078,73,60,184,16,image,17,3,653,22623,2
4975,164,8,2,16,23,image,5,4,55,4722,1
1522,76,3,2,7,16,reel,0,0,970,3785,0
1698,27,0,0,1,28,video,15,3,41,4626,1
1000,5,0,0,0,1,image,0,2,595,597,0
12413,427,12,19,45,24,video,0,5,1452,8010,1
6972,350,16,10,23,14,image,4,4,957,3550,0
3670,64,1,2,2,10,image,22,4,1641,1545,0
1000,44,2,1,3,18,image,23,5,2829,1990,0
1000,39,1,1,2,28,image,10,4,96,2843,0
60931,1525,81,37,133,8,image,8,0,1237,26478,2
2449,50,3,0,4,14,image,10,1,1399,2346,0
15507,231,15,11,20,7,reel,15,6,1053,5417,1
1000,53,4,1,6,25,image,13,4,1967,2952,0
107976,1282,92,36,70,17,image,7,6,931,23954,2
6252,45,1,1,5,9,image,6,0,824,3844,0
13657,254,16,3,25,28,reel,11,1,212,15025,2
533067,17818,437,323,1906,6,image,6,4,2597,311607,2
124193,1578,44,34,161,3,image,10,0,1261,29998,2
4666,290,13,9,9,7,reel,0,0,2964,5481,1
2785,163,7,4,12,9,image,4,2,372,3090,0
4509,313,15,9,12,8,image,23,4,833,4020,1
20288,599,29,7,54,1,reel,8,6,2064,10193,1
6704,80,4,0,2,30,image,10,6,3111,5224,1
3978,365,28,10,12,10,image,4,3,699,4517,1
113655,1050,31,18,117,29,video,20,5,1124,49226,2
6597,92,3,4,10,21,reel,6,2,1013,9255,1
508520,39618,968,1079,3412,24,reel,7,4,149,722625,2
9540,228,7,5,16,9,video,10,6,1762,5307,1
201505,5159,408,163,539,20,image,19,4,2468,54242,2
15416,294,6,10,34,12,video,19,0,1409,11061,1
45859,898,29,11,31,11,reel,4,1,2525,24760,2
2198,47,2,1,1,29,video,4,6,1194,4805,1
1742,111,4,1,12,26,image,6,5,2005,3424,0
18536,540,28,13,21,10,reel,4,5,3493,19413,2
48021,1334,105,32,125,0,reel,12,0,576,21850,2
8712,411,25,13,32,16,image,5,2,241,4832,1
1000,20,0,0,1,29,video,1,3,475,3568,0
1000,26,1,1,1,28,reel,18,5,3217,6204,1
1000,36,2,1,3,14,image,8,0,2192,1988,0
1000,38,1,0,3,15,reel,5,5,3392,2835,0
9868,351,22,13,39,26,image,3,4,1426,5724,1
61394,2381,135,69,174,5,image,19,4,3534,50366,2
7909,532,34,17,59,8,reel,14,6,1413,11087,1
1000,1,0,0,0,4,reel,7,5,3151,1614,0
5748,70,4,1,3,18,image,19,4,2007,2669,0
6044,147,9,5,16,27,reel,7,3,2962,9653,1
352497,4715,288,145,183,9,video,5,6,2896,120236,2
1000,19,0,0,0,27,reel,9,5,887,5091,1
4010,25,0,0,1,15,image,0,2,2832,2956,0
174649,4610,296,133,432,7,reel,10,5,682,107051,2
18214,1360,80,25,136,29,reel,18,3,1864,26498,2
22336,416,32,4,46,19,reel,10,6,2212,32291,2
9959,385,18,7,16,16,image,13,2,240,9312,1
14674,724,24,15,42,5,image,9,5,1969,6851,1
32849,1162,76,17,68,17,image,19,1,797,10588,1
1887,20,1,0,2,7,image,23,6,2640,1295,0
39360,2106,108,48,173,13,reel,13,1,1741,34415,2
1000,15,0,0,0,28,video,16,1,455,3262,0
14633,422,16,11,24,30,video,14,6,3642,15837,2
11178,663,21,27,38,12,image,21,1,1065,6835,1
2672,19,0,0,1,9,reel,21,3,2021,3379,0
7778,648,24,29,51,6,image,21,3,2464,5183,1
2642,113,6,4,9,6,reel,1,5,2969,4284,1
1177,39,1,1,2,16,image,10,1,2245,2024,0
4287,107,7,3,3,29,image,12,2,2418,5186,1
1110,90,3,3,8,26,image,18,6,1292,3285,0
14487,569,34,14,54,8,image,13,6,1196,10643,1
1022,86,4,3,3,25,video,11,1,566,3619,0
29189,342,11,6,30,14,reel,12,3,3593,22857,2
1000,3,0,0,0,20,image,14,3,3136,1643,0
2923,194,14,9,16,7,reel,14,3,858,3750,0
2632,102,7,3,9,25,reel,17,3,3039,4445,1
88015,1049,39,13,97,14,reel,9,0,2482,75889,2
14684,655,34,11,38,24,video,13,6,559,17361,2
5535,477,13,13,20,7,image,2,1,913,4070,1
19884,725,34,31,52,29,video,12,1,2743,25633,2
1000,55,2,2,2,13,image,8,5,3559,1551,0
7497,412,31,5,37,20,image,0,6,543,5569,1
295234,6511,377,81,614,16,image,4,6,3448,74243,2
10282,589,18,8,18,18,image,23,2,1664,5223,1
9156,273,21,10,31,7,image,13,5,3326,4548,1
21733,1483,91,46,167,28,image,0,1,1717,11036,1
40622,4369,122,172,182,6,reel,21,2,1079,73369,2
1000,21,1,0,1,11,image,2,1,1484,1339,0
1000,37,1,0,1,13,image,14,1,1853,1690,0
11831,947,41,19,110,15,image,1,6,1268,11311,1
2237,73,2,1,5,7,image,20,6,1030,2445,0
85960,3750,137,143,348,26,image,15,1,1723,51625,2
4594,191,5,6,22,19,video,20,2,1118,5994,1
1000,19,1,0,1,30,image,7,0,2607,2875,0
1000,93,3,1,10,10,image,21,5,1055,2497,0
1000,50,2,2,2,13,video,21,2,1228,2665,0
5316,237,18,4,12,17,image,11,4,2921,4952,1
5772,90,7,2,6,18,reel,14,3,2130,6198,1
3774,81,5,0,8,5,image,9,1,3015,2739,0
56499,2204,149,48,73,25,image,18,2,1328,38394,2
70076,5022,385,90,350,30,image,15,0,2868,54218,2
5962,556,37,10,57,16,reel,3,1,3546,13109,2
1000,29,1,0,1,11,image,9,5,50,1511,0
24614,257,6,10,21,12,video,9,2,2505,11510,1
22018,1347,43,53,48,1,image,10,3,3380,15815,2
14142,407,18,17,12,2,reel,14,4,3116,9690,1
47413,2781,99,109,163,11,video,6,6,1461,33248,2
1000,74,2,3,7,6,image,4,3,1594,1213,0
301269,5883,138,63,198,9,video,10,6,1140,302125,2
1440,15,0,0,0,10,reel,9,4,958,2455,0
31213,1574,64,41,150,5,image,21,0,2935,34742,2
1000,53,1,1,3,12,image,18,6,316,2084,0
1518,36,2,1,2,1,image,5,1,1605,818,0
124177,1112,40,11,83,24,image,16,5,2988,43386,2
5066,147,7,2,16,21,video,14,6,2571,6239,1
36748,904,31,25,98,5,reel,21,5,2557,57945,2
12413,229,13,9,8,5,video,17,4,1751,6712,1
6708,154,10,6,14,2,image,13,2,3003,2414,0
94365,4775,118,75,376,5,video,6,4,1374,45690,2
5292,52,3,1,3,18,image,4,3,2489,3296,0
1000,34,2,1,2,2,video,8,4,144,705,0
1908,22,1,0,2,0,video,21,2,166,1267,0
21854,734,51,16,73,17,video,21,4,1025,19542,2
16513,832,44,21,67,28,reel,23,3,1568,22267,2
1000,29,0,1,1,14,image,23,6,1144,1635,0
2199,63,1,1,5,7,reel,11,0,1230,2612,0
2843,88,2,1,6,25,reel,14,5,357,5995,1
4197,119,5,1,8,25,image,2,3,1599,3577,0
1000,15,1,0,1,25,reel,3,4,376,3341,0
2614,101,3,2,12,11,image,6,3,2448,2662,0
2183,45,2,1,5,1,video,4,0,2893,1728,0
32492,578,46,26,55,30,image,18,4,2080,20198,2
34766,335,6,7,28,27,image,20,2,1200,28755,2
6232,179,4,3,10,15,video,0,1,2331,6919,1
4001,43,1,0,4,24,image,16,6,3142,4457,1
10423,164,5,8,11,29,image,7,1,792,7583,1
1863,19,0,0,0,1,video,11,2,756,1398,0
1028,47,2,1,1,14,video,8,2,1826,1691,0
1491,41,2,1,4,26,image,3,3,1580,2947,0
2584,81,2,4,4,22,reel,18,3,881,5135,1
1000,7,0,0,0,3,reel,7,4,1188,775,0
10847,419,13,9,36,1,image,10,2,1880,4038,1
30136,191,8,6,10,10,reel,14,2,3397,19434,2
1000,16,0,0,1,13,reel,12,4,1098,2344,0
8478,586,39,20,62,3,image,4,4,580,4113,1
5454,145,8,5,6,8,reel,16,4,816,7917,1
14983,537,17,24,21,15,reel,3,3,2179,16369,2
7916,402,22,13,33,24,reel,18,0,3434,16946,2
1000,4,0,0,0,17,image,15,3,3346,1790,0
1000,73,5,2,4,16,reel,8,1,1000,3197,0
8543,647,51,15,73,22,image,8,0,1131,10284,1
51627,4350,119,86,199,19,reel,4,4,2296,80700,2
1000,21,1,0,1,7,image,10,3,873,1087,0
15097,827,29,40,46,7,reel,4,3,2298,9529,1
68962,818,53,38,50,3,reel,12,5,3222,29853,2
6152,276,6,5,17,3,video,3,2,2118,2692,0
21815,1341,70,58,71,25,image,21,2,2700,15538,2
2285,4,0,0,0,21,image,2,1,2632,2852,0
6536,130,5,4,13,19,image,17,0,646,4200,1
1000,44,3,2,3,13,reel,10,6,2232,2981,0
1000,37,1,1,4,2,reel,8,2,933,1466,0
44222,5179,388,176,219,12,reel,4,3,3106,56716,2
1376,108,7,3,8,4,reel,15,6,2659,2997,0
3569,99,4,2,10,29,video,18,1,122,6828,1
1000,10,0,0,0,12,image,15,1,1052,1336,0
1000,6,0,0,0,3,image,0,5,297,805,0
5925,212,12,2,17,8,image,19,2,1441,6006,1
2179,80,2,3,9,19,reel,22,1,2036,4059,1
16000,482,36,5,18,13,reel,16,5,3460,14809,2
18298,1604,105,58,54,1,image,0,1,1477,13917,2
14436,915,70,25,56,11,video,12,0,1694,11147,1
12450,65,2,0,6,21,video,7,5,797,14089,2
138688,5298,243,86,183,16,video,15,6,2158,51287,2
1185,51,1,0,2,17,video,18,6,1307,2830,0
7340,116,4,2,13,20,image,21,0,2635,7395,1
62245,258,7,9,22,22,video,20,3,2381,52475,2
78918,6739,185,221,440,13,reel,23,6,437,93427,2
1000,49,2,1,1,23,image,2,4,3119,2477,0
4618,85,2,3,8,28,video,2,2,1142,3269,0
93397,1078,30,43,122,4,image,19,2,687,51425,2
20222,877,45,32,84,22,reel,17,2,2355,29935,2
11515,440,27,14,17,8,reel,18,4,1088,13725,2
5476,186,12,7,14,3,video,5,4,1850,5530,1
4060,30,1,0,1,7,image,11,5,537,1438,0
13613,128,4,2,14,28,reel,15,1,2948,11969,1
5144,86,4,1,8,18,image,15,5,3638,5009,1
7505,293,16,11,29,14,image,20,3,1298,4273,1
9334,718,25,19,48,8,image,8,0,102,9215,1
2391,51,1,2,1,16,image,20,5,2637,2418,0
21116,171,12,1,16,15,reel,7,0,601,24803,2
1537457,46122,1187,1168,4012,12,image,18,0,1789,736135,2
1000,56,2,0,2,13,reel,0,4,1423,3160,0
14519,307,10,13,30,22,reel,4,0,477,18643,2
2062,134,9,3,5,18,video,0,3,750,4327,1
22909,2411,120,83,232,0,image,5,2,3161,20444,2
8811,730,56,24,68,10,image,12,6,2492,8124,1
31931,1959,136,25,60,1,reel,20,2,1123,35219,2
67232,3215,209,132,320,28,image,0,0,112,39309,2
11457,542,16,23,36,9,image,14,0,621,5344,1
62174,1066,43,36,80,29,reel,2,6,1894,38388,2
1000,29,2,0,3,7,video,4,6,2686,1457,0
141890,5972,471,232,673,10,video,2,0,742,108498,2
15916,849,61,32,54,12,image,14,2,2550,12909,2
56393,2936,225,136,275,28,image,15,0,2318,45572,2
1000,60,3,0,4,2,image,6,5,278,967,0
1816,58,2,2,6,24,video,16,6,454,4920,1
10537,324,16,14,19,20,reel,9,4,621,14156,2
7858,271,12,5,19,7,reel,18,3,745,5404,1
13487,529,15,20,21,26,video,12,2,91,12884,2
57075,1131,43,23,128,17,video,23,2,3035,16414,2
1000,26,0,0,2,15,reel,16,4,3138,2072,0
46764,823,20,29,45,11,video,23,4,3289,28958,2
8224,272,10,3,22,12,reel,21,3,3217,9006,1
5614,362,21,5,23,24,video,4,2,1338,7425,1
1000,20,1,0,0,30,image,8,5,1437,3086,0
20040,1482,79,71,50,27,video,8,6,2157,27125,2
1000,36,2,0,3,10,image,14,0,3398,1257,0
26032,2091,94,22,117,19,video,13,5,2475,16026,2
1000,50,2,0,3,30,reel,11,3,2214,4102,1
8921,132,6,1,14,19,reel,1,4,2785,6060,1
6538,217,5,10,6,0,image,10,5,3144,2825,0
66514,4637,254,134,367,22,reel,4,2,1969,70527,2
5874,135,8,5,15,17,image,22,1,2812,3681,0
2322,29,1,0,2,15,video,20,0,2125,2574,0
3255,127,9,6,6,1,image,4,6,2741,1131,0
80112,2793,100,81,134,14,video,9,5,2867,26624,2
21275,1025,52,48,101,24,reel,15,5,2624,15857,2
4047,139,10,5,5,17,image,11,0,2008,2339,0
5294,422,27,20,35,8,video,4,6,3246,4897,1
1000,13,0,0,0,25,video,17,0,1977,2679,0
16305,1153,66,52,121,13,reel,21,2,1296,27733,2
1000,16,0,0,1,20,reel,19,4,1054,3732,0
31358,1053,65,38,70,0,image,8,0,1219,11764,1
10214,295,16,10,29,4,image,20,5,3065,7721,1
595116,9018,226,265,342,6,video,21,6,3491,540099,2
1118,32,0,0,2,4,video,21,2,1629,1192,0
6735,268,20,4,31,13,reel,19,0,1130,6794,1
206265,9054,277,418,801,12,reel,7,4,2031,299389,2
69182,1714,126,48,64,2,reel,12,5,1399,38003,2
2314,33,1,0,3,20,image,15,6,2320,4005,1
12126,76,3,2,3,14,image,19,1,219,8337,1
8132,303,16,11,19,12,reel,2,1,1987,7011,1
13460,87,5,1,4,7,image,1,0,807,2993,0
2303,280,13,6,26,11,video,23,0,1631,3261,0
6899,365,14,12,19,5,video,16,5,2262,7273,1
1000,28,1,1,1,27,image,6,1,1788,2791,0
10334,232,14,5,15,15,reel,23,2,3491,12920,2
18215,729,31,16,40,26,image,9,3,391,18442,2
5381,78,4,3,7,26,reel,15,0,1472,6894,1
1000,94,4,1,7,14,video,22,5,3007,2544,0
48019,1586,63,72,126,12,image,20,3,1249,38931,2
15617,678,25,28,30,22,reel,15,2,322,13866,2
2193,55,1,2,6,11,reel,13,1,2226,2689,0
4889,161,10,3,9,14,image,6,4,3604,3237,0
1000,29,2,0,1,12,image,4,5,3356,1459,0
1279,25,0,0,1,18,video,2,3,3541,2913,0
3077,151,4,2,17,1,video,0,5,1500,1381,0
73950,7445,579,153,630,8,image,11,3,3224,38754,2
2562,78,3,2,2,21,video,8,0,52,2837,0
25652,2096,90,59,99,15,video,14,1,307,25988,2
3074,33,1,0,2,21,reel,12,5,2759,5126,1
12661,466,19,9,21,19,reel,16,0,123,11553,1
6282,221,10,4,18,10,image,4,3,2201,3997,0
39007,4037,298,151,232,13,reel,3,1,2265,40301,2
3094,98,5,2,6,2,video,3,5,735,3341,0
1000,27,1,1,2,23,image,16,1,628,2270,0
1000,27,0,1,2,13,image,21,5,635,2141,0
3110,195,6,7,7,8,reel,8,1,3435,4830,1
1000,49,3,2,3,16,reel,3,4,786,3134,0
16956,937,70,45,103,0,image,22,1,2409,13601,2
3503,54,3,0,5,12,image,5,3,3133,1785,0
582038,9581,261,218,942,28,video,15,4,3140,356995,2
1000,11,0,0,1,11,reel,21,1,1031,2591,0
11690,291,6,12,11,11,video,22,3,3629,5098,1
1063,11,0,0,0,13,image,5,4,1334,1309,0
3333,98,5,4,3,7,reel,0,1,3427,2558,0
10452,321,14,14,13,6,video,10,0,1032,3720,0
1000,24,1,1,2,14,video,21,1,410,2226,0
12410,111,7,2,3,20,image,11,2,2112,4074,1
249006,9730,717,292,699,7,image,21,1,3587,103711,2
3582,78,2,2,4,6,video,20,5,2626,2688,0
12934,276,7,6,28,22,reel,12,4,284,13846,2
51269,1870,108,35,191,15,reel,20,3,2963,74750,2
6032,84,2,1,8,9,reel,23,3,2848,7490,1
2847,109,3,4,6,26,video,16,5,3485,6528,1
1000,35,1,1,3,30,video,17,4,2743,3529,0
25688,3897,123,132,431,26,video,10,4,1520,42060,2
6609,504,24,10,44,8,image,23,2,801,3993,0
1309,31,2,1,2,30,image,8,0,3498,3331,0
10176,144,10,6,8,11,reel,18,0,1414,8620,1
2833,212,11,7,20,2,image,22,5,2009,2892,0
3130,111,2,2,12,16,reel,21,5,2313,7154,1
24132,1100,66,21,64,29,reel,21,0,3606,48862,2
1000,59,2,1,3,0,image,4,0,1831,329,0
53378,3973,265,172,213,0,image,23,1,3196,30970,2
1000,38,1,1,4,0,reel,4,2,2578,811,0
2458,52,3,0,4,26,video,5,1,738,4206,1
258151,16214,518,378,1898,7,video,12,4,504,228441,2
61650,435,30,11,37,15,image,3,6,2329,10945,1
9659,452,30,11,25,2,reel,17,4,1504,12731,2
1490,59,2,2,4,29,video,22,2,168,4215,1
3125,250,19,7,10,23,video,6,3,2627,6131,1
9245,249,7,11,17,17,reel,7,6,3430,13496,2
8669,444,9,8,31,27,reel,10,5,59,15458,2
6880,250,16,6,20,6,video,2,1,3416,6609,1
7665,168,9,5,10,12,reel,4,3,2384,8206,1
5508,99,2,4,7,30,reel,22,0,3500,8368,1
1000,53,1,2,5,16,reel,22,5,1988,3477,0
3197,322,8,14,14,9,reel,12,4,1337,4894,1
42037,1122,33,34,126,18,image,17,1,3379,24997,2
1000,14,0,0,1,29,reel,1,5,2160,4094,1
5760,248,5,9,21,2,reel,0,3,3513,4518,1
1852,34,1,1,1,30,video,21,5,970,5059,1
9901,447,25,9,19,14,video,0,0,2525,10337,1
4025,134,8,2,12,2,video,16,3,2192,2412,0
115763,5656,434,61,628,29,video,23,4,1980,64078,2
20167,363,9,13,27,17,image,19,0,3046,15262,2
1000,34,0,1,1,6,video,9,2,1951,1535,0
27124,2621,74,40,266,5,image,12,5,2968,16499,2
2009,160,6,2,18,2,video,14,4,1639,2153,0
2868,52,2,1,4,16,reel,10,0,643,2968,0
14255,628,12,17,29,8,image,22,5,2848,10729,1
3343,469,28,9,31,9,reel,1,5,2357,8147,1
40422,3440,266,117,394,16,video,22,3,1240,30210,2
2009,95,3,1,4,29,reel,20,5,63,7903,1
2659,99,2,1,4,26,image,2,4,906,4372,1
2486,80,5,1,7,3,image,13,6,1562,2332,0
2927,20,1,0,1,10,video,15,5,1628,1985,0
58603,812,18,11,39,6,video,23,6,2695,16192,2
25130,1344,76,19,114,10,reel,23,5,1234,38425,2
175940,5128,177,85,586,27,video,11,2,317,117733,2
480104,14661,849,571,1568,10,video,4,0,2978,414133,2
1267,21,1,0,0,20,reel,19,4,1294,4302,1
9198,128,4,2,13,26,image,15,3,1026,3482,0
1000,11,0,0,0,8,image,12,6,2757,1122,0
1998,70,3,1,3,14,reel,18,6,1485,4851,1
2606,124,6,5,4,25,image,1,0,1829,2810,0
1208,12,0,0,1,10,video,1,1,1008,1565,0
1219,39,1,0,1,20,video,11,3,3241,2712,0
6249,249,16,6,11,5,image,9,4,1979,4622,1
1000,22,1,0,1,28,image,3,2,1163,2496,0
36894,1472,88,26,144,3,image,4,1,1138,16237,2
1553,110,3,2,5,21,image,11,3,1594,2881,0
1273429,58789,2150,2141,5663,30,image,1,5,2299,648705,2
3595,104,5,1,10,4,image,17,6,916,3192,0
9224,300,7,6,30,15,reel,2,5,2949,7955,1
1000,93,2,4,9,29,reel,16,1,1294,5451,1
174724,5702,131,119,187,2,image,8,6,2744,51853,2
60785,1954,147,32,215,9,video,3,3,3350,39990,2
13827,369,22,11,29,28,image,13,4,1122,5656,1
1000,18,1,0,1,4,image,15,4,1868,884,0
11839,49,3,2,1,29,image,22,3,2077,8650,1
1076,37,2,0,3,23,video,10,3,2739,2950,0
112672,2662,135,40,118,7,image,22,3,1415,32097,2
34771,990,48,41,78,6,reel,11,0,2682,37478,2
9621,81,5,3,3,9,reel,20,5,2384,3876,0
1000,20,1,0,1,16,reel,6,2,1225,3144,0
1380,58,4,1,2,29,reel,18,5,3185,7147,1
27944,853,42,26,71,24,image,5,0,168,22242,2
71911,3746,248,182,329,0,video,0,0,3072,75536,2
59665,6948,337,202,455,18,image,3,1,1322,45237,2
1000,25,1,1,2,10,video,9,2,3242,2027,0
13943,343,12,12,26,16,image,3,0,916,4355,1
50409,1915,44,83,186,13,image,18,4,1488,36214,2
1000,35,1,0,2,18,reel,2,0,406,2798,0
7988,317,20,14,32,23,image,23,0,2967,5152,1
13265,394,11,17,43,7,image,8,4,2574,8681,1
4715,263,19,10,17,11,reel,11,4,1393,8891,1
1000,33,0,1,3,1,image,17,4,2203,460,0
4508,375,8,15,16,10,image,16,6,397,4133,1
4495,120,5,3,12,30,image,20,5,2343,6617,1
6207,130,4,4,10,22,video,23,2,2161,6377,1
2938,56,1,2,2,20,reel,7,4,3179,5843,1
3650,152,3,6,13,26,reel,14,1,2189,6922,1
7544,173,8,5,7,17,reel,16,5,1162,5891,1
17969,641,22,21,70,2,image,18,5,2785,14005,2
4684,77,4,3,7,20,reel,6,3,2758,4861,1
3876,50,1,0,4,4,reel,23,3,3073,3940,0
9568,103,2,3,5,6,reel,5,4,2419,3827,0
1000,60,1,1,6,20,image,17,5,3271,2354,0
19123,239,6,10,25,28,video,21,6,2257,11597,1
8094,465,31,8,43,9,image,3,0,2572,7114,1
8703,240,11,7,15,9,video,12,4,3384,4652,1
45675,2159,123,32,158,20,reel,23,1,2299,30772,2
1000,74,5,2,4,9,reel,3,0,2176,2384,0
1000,16,0,0,1,5,reel,19,0,86,1923,0
13264,485,35,16,28,7,image,20,0,866,15324,2
7999,270,17,8,13,24,image,6,3,441,3932,0
11007,787,50,18,38,19,reel,16,5,1096,15016,2
3526,17,1,0,1,9,image,23,6,537,2756,0
26791,530,14,24,45,30,image,9,5,2278,8631,1
43423,922,48,35,96,10,image,1,4,968,38702,2
19363,796,39,8,90,21,reel,6,4,889,26263,2
5067,388,23,11,14,5,video,22,0,3264,4903,1
1000,63,2,2,2,29,image,22,5,1609,3732,0
32358,813,22,24,50,6,video,20,0,2659,35483,2
73065,3402,266,114,350,13,reel,13,5,245,106124,2
25853,1109,53,51,123,18,video,6,5,2322,12513,2
1663,66,2,2,2,16,image,14,1,3219,2038,0
27250,1350,37,17,75,18,image,20,0,480,13475,2
38137,1294,71,39,143,24,image,19,6,676,29334,2
134036,10740,310,374,878,25,image,1,1,2402,102506,2
1674,27,0,1,1,10,image,17,3,2275,1947,0
5390,189,14,3,9,19,reel,22,4,2673,8819,1
31103,1679,36,26,67,17,reel,3,3,961,45105,2
8985,797,24,27,31,13,image,14,1,1145,6582,1
1084,49,2,1,4,15,video,14,3,303,2511,0
17091,998,32,20,94,24,image,12,3,912,8582,1
22961,2029,62,96,127,21,image,18,3,2355,29236,2
9493,835,44,18,70,0,video,23,2,2515,7957,1
12031,444,27,5,19,1,image,15,0,2068,4864,1
5086,124,5,1,3,21,image,0,2,465,4895,1
115948,3409,227,61,132,16,image,12,2,3157,27132,2
1601,111,7,1,4,16,reel,12,1,2136,4526,1
2815,43,2,1,5,26,video,6,0,158,4179,1
8264,484,26,6,24,6,image,17,2,3561,4939,1
39423,2300,158,74,96,7,image,13,6,2150,29659,2
1000,22,0,0,2,19,image,2,1,119,1682,0
1000,14,0,0,0,24,image,18,4,1500,3264,0
1000,60,1,2,2,30,image,0,6,690,3018,0
8594,102,3,5,5,28,video,20,6,49,12786,2
1082,50,3,1,2,10,video,14,2,1949,2085,0
4055,216,4,5,8,5,video,23,0,106,4287,1
26648,1096,42,40,99,19,image,8,5,286,19507,2
2553,148,4,3,10,5,reel,5,2,1823,2352,0
12287,752,40,30,32,13,reel,11,2,2592,13135,2
4727,106,7,3,10,9,image,19,5,1332,4687,1
27168,1709,74,30,54,12,image,14,1,322,19574,2
19057,466,32,12,32,27,reel,10,3,2613,17867,2
2332,100,4,4,4,9,video,9,3,723,2348,0
5981,103,7,3,3,26,video,18,5,904,8736,1
53036,1717,121,65,136,7,reel,5,5,2013,57359,2
16449,451,13,17,19,9,image,0,2,726,4412,1
1000,49,3,1,1,7,image,5,0,2982,1087,0
26373,920,29,20,67,23,reel,5,1,2925,25025,2
1150,42,2,1,4,24,video,4,1,1358,3366,0
103004,3945,125,57,290,1,image,7,5,2684,34576,2
51194,3495,150,118,129,10,image,17,5,234,51573,2
13654,724,57,10,41,29,reel,5,0,3010,19892,2
10753,381,25,17,26,16,reel,3,2,1289,7146,1
5562,193,10,7,10,5,image,9,1,3485,4510,1
27483,329,25,5,19,6,image,23,5,296,20031,2
4157,94,3,3,7,14,video,22,5,772,4886,1
12382,971,29,37,111,6,image,0,0,712,12405,2
38928,2676,186,104,274,13,image,0,4,2276,32865,2
2947,149,3,3,7,18,reel,7,5,1725,3659,0
2672,41,2,1,4,14,reel,3,0,146,3120,0
1000,17,0,0,1,18,reel,19,4,3219,3110,0
1192,23,0,0,2,1,image,3,3,1281,428,0
1000,114,4,3,9,15,image,2,1,3265,1897,0
30142,340,13,6,30,1,reel,5,6,1322,7747,1
210248,14530,502,653,909,21,reel,14,0,2579,213880,2
105407,3826,101,185,360,16,video,3,3,3516,66768,2
1000,24,0,0,1,19,image,6,6,3080,2116,0
29873,1287,85,30,110,10,reel,12,2,2528,32962,2
104798,1420,67,26,112,6,image,23,2,1966,49439,2
3560,83,2,3,2,21,reel,20,5,2967,7393,1
9726,420,10,6,30,1,video,5,1,3490,4959,1
1000,31,1,1,1,14,image,6,3,1839,2129,0
13096,873,36,37,39,8,image,1,1,3052,6672,1
1194,32,1,0,2,11,image,7,0,53,1607,0
11606,1275,33,52,84,13,reel,14,2,2409,15216,2
1000,34,2,0,1,14,image,12,0,3495,1867,0
21528,730,26,17,30,6,video,9,3,877,8479,1
51232,904,42,41,64,3,image,0,3,2954,28706,2
1978,45,2,1,5,14,video,21,3,2785,2673,0
1046,74,2,0,5,8,video,9,6,576,1787,0
1000,31,0,1,3,1,image,21,5,3198,814,0
5016,215,9,7,15,26,image,17,3,2214,3385,0
2844,228,12,8,10,14,image,19,1,1763,4332,1
1000,28,1,0,0,2,reel,10,1,1025,1157,0
18314,540,22,20,34,10,image,3,5,1346,11827,1
3604,302,22,6,34,3,image,5,5,1810,4143,1
1168,41,2,1,2,29,video,15,6,1350,3487,0
2986,190,11,3,12,14,image,14,6,1639,2903,0
55734,1549,33,53,143,27,reel,2,0,2753,41731,2
23987,679,50,28,65,10,image,20,5,765,17686,2
6412,96,3,1,8,29,reel,0,5,3469,11560,1
24695,641,25,7,38,28,video,11,1,1294,16587,2
1002,50,2,2,5,20,video,4,1,1480,2596,0
8589,822,63,18,50,12,image,4,6,1551,10703,1
10563,743,30,17,41,30,image,11,3,415,10862,1
3478,13,0,0,1,17,image,7,4,1975,1755,0
17744,244,18,7,27,5,reel,10,0,182,7363,1
1988,18,1,0,2,2,reel,22,4,2986,809,0
20285,818,48,33,63,16,image,18,2,3041,10471,1
21880,883,39,15,95,7,reel,7,5,1183,16857,2
1000,37,1,1,1,23,video,12,0,1155,3306,0
69047,1443,111,58,158,17,reel,8,6,936,49350,2
1000,22,0,0,2,14,reel,6,1,3010,2657,0
2673,95,6,3,6,8,reel,10,2,3565,2869,0
51309,814,45,29,42,6,video,3,0,449,36075,2
4577,573,44,28,56,6,video,5,0,522,6155,1
1000,35,1,1,2,20,video,13,6,172,2868,0
1131,17,0,0,2,24,image,17,4,1602,2047,0
51453,1380,92,48,147,30,image,16,6,1151,32854,2
1000,39,3,1,3,20,reel,23,5,1471,3783,0
61832,2881,214,114,172,16,image,5,4,1173,38435,2
7337,117,4,3,11,21,image,2,4,2022,4438,1
1000,32,1,1,3,7,image,15,2,3642,1056,0
2836,216,14,4,14,27,video,13,4,3556,6057,1
1298,49,2,2,1,1,image,20,6,894,582,0
38530,1641,33,36,157,28,reel,3,1,3079,25055,2
30283,799,22,9,45,3,reel,5,6,2714,23815,2
1000,10,0,0,0,29,image,9,3,3322,2505,0
3918,141,4,6,4,24,image,19,5,3364,6079,1
1713,90,3,3,5,13,image,4,2,395,2166,0
83143,3572,278,98,271,15,image,22,4,2863,38363,2
1000,24,1,1,0,9,image,2,3,2778,1421,0
145453,887,20,17,71,6,image,22,2,3557,37461,2
7631,276,15,5,30,9,video,16,0,2759,3552,0
1000,86,3,1,7,26,image,3,6,636,2417,0
2394,31,2,0,2,7,image,23,4,1243,2048,0
1914,66,4,2,3,13,reel,1,3,2504,3176,0
1000,72,1,1,5,21,reel,9,3,1197,3853,0
9611,830,65,12,69,24,image,17,4,1920,8554,1
1000,99,2,2,10,9,video,8,0,2212,2242,0
1000,30,1,0,3,25,image,9,1,3180,2493,0
4091,219,16,7,15,5,reel,6,6,541,3859,0
1000,110,7,3,5,22,reel,4,0,2720,4269,1
2092,149,4,2,13,3,video,13,0,3371,2281,0
1577,61,1,0,7,30,video,10,6,2850,4544,1
1688,35,0,1,4,3,reel,19,5,35,2447,0
297073,4896,136,200,585,27,image,13,4,1428,179214,2
8969,469,11,13,24,23,reel,12,6,1961,11018,1
12602,339,7,11,35,3,image,3,4,2481,3088,0
1000,39,2,1,1,24,image,6,0,2923,2753,0
2497,142,3,5,4,10,video,0,0,3221,2995,0
11938,341,15,7,30,30,image,23,6,2986,10939,1
1281,63,3,2,2,29,image,18,2,744,4194,1
41544,5945,124,189,386,28,image,6,2,2434,46858,2
1000,70,4,2,2,20,reel,10,1,143,3640,0
4839,126,8,4,4,27,image,13,5,511,5310,1
2821,151,7,4,7,13,image,5,5,1157,2410,0
10891,86,4,3,6,1,image,3,4,2321,3743,0
2558,67,4,1,4,26,reel,22,3,3155,6057,1
4976,107,5,2,8,1,image,8,4,2703,2439,0
5297,162,8,2,14,19,video,18,2,1713,8202,1
2160,97,6,3,2,16,image,15,2,354,2124,0
19402,498,34,10,52,11,video,9,1,960,13721,2
12445,608,25,16,21,22,reel,14,3,2388,17434,2
6908,43,1,1,4,8,image,6,2,3327,3722,0
3733,32,2,0,3,28,image,6,1,461,2592,0
33988,779,41,7,86,26,image,17,2,182,25590,2
5300,125,7,4,9,28,image,18,4,1907,7875,1
4665,141,3,3,13,26,reel,17,5,2950,6658,1
9783,361,9,4,16,25,image,16,5,820,8731,1
171760,5083,263,111,581,28,reel,21,5,2923,175483,2
1000,37,2,0,1,28,image,7,6,3632,2594,0
32394,681,26,13,54,24,image,0,2,1909,15337,2
1000,4,0,0,0,24,reel,6,6,2565,3740,0
11981,1036,67,22,105,5,reel,15,2,985,16827,2
138019,3941,263,116,382,5,image,14,5,2570,98469,2
19527,338,23,6,20,12,reel,6,6,1603,9464,1
11016,864,30,41,38,11,image,18,5,2929,9209,1
2954,46,1,1,4,10,reel,23,2,1312,3205,0
8568,141,3,3,16,9,image,2,2,2104,2602,0
5147,199,8,7,7,7,image,0,4,543,3858,0
1968,49,1,1,4,17,reel,16,6,2422,4432,1
4808,163,10,2,12,24,image,11,0,2184,3744,0
11580,455,31,12,26,25,video,16,1,1349,13718,2
2036,100,3,3,3,3,reel,17,3,738,2066,0
1898,26,1,0,2,16,image,0,5,3476,2456,0
1000,59,3,1,2,14,reel,18,1,3636,2949,0
16371,597,38,23,63,24,video,4,3,1838,19648,2
21624,394,30,18,21,26,image,15,1,2109,12226,2
12295,36,1,1,2,10,image,23,4,2334,7991,1
46041,658,22,21,36,24,image,11,1,453,26037,2
9491,56,3,1,5,18,image,8,0,931,8298,1
16409,883,22,27,35,8,image,21,3,2255,10304,1
14001,489,32,12,29,17,reel,10,0,2276,14267,2
6872,550,15,21,41,1,image,13,2,1406,3178,0
3116,90,4,1,7,1,image,4,6,1854,1961,0
436033,7129,395,326,585,12,reel,12,5,702,275551,2
3592,113,7,2,4,29,image,1,4,2670,4158,1
2444,106,2,1,3,18,reel,20,3,1106,5651,1
17698,1031,71,21,52,20,video,14,5,3618,17720,2
12750,411,29,17,13,26,reel,10,0,956,21648,2
1000,49,3,1,2,13,reel,17,3,184,2938,0
61133,1747,133,60,61,16,image,14,3,2139,51600,2
6839,257,18,6,19,8,video,10,0,590,3656,0
1096,31,2,1,1,8,image,7,0,1028,1340,0
68858,2521,138,84,169,28,video,1,3,1928,42875,2
24989,656,44,32,65,21,image,5,1,203,21771,2
1000,53,4,1,5,4,image,9,6,851,1004,0
198576,11720,682,281,944,12,image,11,0,2991,162302,2
26524,1376,47,24,45,23,reel,23,0,985,20410,2
7955,103,3,2,8,25,image,8,5,1063,3872,0
141831,5672,384,246,299,20,reel,11,2,1621,141183,2
10793,239,18,4,19,0,reel,0,3,1133,4232,1
7703,217,7,10,24,11,image,2,1,3464,5408,1
2468,45,3,0,3,12,image,11,0,1599,1408,0
23094,1223,44,51,140,5,video,8,5,824,14962,2
19108,885,39,33,43,13,reel,15,3,2902,17050,2
8320,191,14,8,10,11,reel,20,2,105,6278,1
1954,43,3,1,1,18,image,1,1,2257,1922,0
10238,937,50,34,34,9,reel,3,0,1777,15564,2
7146,79,6,0,2,11,image,13,5,347,3970,0
1000,22,1,0,2,26,image,2,0,911,2482,0
1000,33,2,1,2,12,video,7,6,1694,1807,0
22410,650,46,9,74,5,reel,16,3,132,26280,2
1000,103,4,4,11,22,image,0,1,2769,2413,0
11728,365,7,8,35,8,reel,14,6,2955,15233,2
3427,97,2,2,10,5,image,2,1,177,2260,0
85378,5072,124,182,272,23,image,18,2,1419,43569,2
3333,155,5,2,16,7,reel,17,4,176,4860,1
26557,195,4,6,17,0,video,1,0,622,15190,2
3966,109,3,5,9,3,image,12,4,2571,3258,0
9944,450,24,6,38,23,reel,11,1,1188,10532,1
30525,2070,58,41,230,7,image,22,5,1846,29156,2
3524,85,3,0,9,12,image,0,3,993,2568,0
48717,1203,40,36,55,15,image,16,4,623,17551,2
1354,70,1,2,2,8,reel,13,3,3109,2562,0
13770,201,12,9,10,5,image,23,1,2457,8326,1
42648,1695,124,41,174,2,image,17,2,3160,24149,2
26584,483,30,7,18,2,reel,6,5,326,30820,2
255148,13876,847,154,1242,28,image,2,3,793,123103,2
2050,27,2,0,1,30,image,13,1,1640,3853,0
1000,51,3,1,5,19,image,20,0,3641,2188,0
1353,13,0,0,1,14,reel,13,0,2998,3083,0
26603,328,10,6,24,25,image,13,5,1901,14570,2
19855,1430,83,58,91,25,image,12,6,671,20218,2
9740,138,8,4,14,13,video,8,3,3497,4212,1
1073,41,2,1,2,22,image,21,4,2165,2659,0
32220,1573,46,70,124,3,image,4,3,2856,23477,2
1000,36,2,1,4,5,video,12,2,1372,945,0
65258,1914,97,49,161,26,video,20,5,2782,34031,2
1388020,42567,3202,1015,4840,15,video,6,1,3264,1052741,2
15671,924,47,16,64,25,image,10,5,1562,9263,1
23146,2128,66,40,184,17,image,16,0,2371,20451,2
3337,105,4,3,12,3,image,3,4,2855,2711,0
1000,22,0,1,2,4,reel,6,3,1330,1350,0
2738,101,3,3,11,16,video,17,0,2397,3200,0
1133,14,1,0,1,3,image,2,6,1801,660,0
1000,24,1,0,0,26,video,9,1,2067,3073,0
179916,10299,318,371,548,8,image,14,4,1934,57107,2
13242,382,15,7,36,21,reel,20,3,843,18659,2
16049,1328,75,18,146,8,reel,3,5,3594,16585,2
4645,208,6,2,21,24,image,12,3,1171,5387,1
5936,410,9,18,23,8,image,17,4,2728,4037,1
45990,1896,137,47,162,16,image,9,5,2848,39325,2
7644,364,12,17,32,7,image,10,0,2615,3679,0
21062,173,13,5,11,27,image,11,1,782,13788,2
5694,213,4,8,17,16,image,20,3,3591,6668,1
4377,216,12,9,25,16,video,14,2,2278,5504,1
1000,73,4,3,5,9,image,9,0,584,1478,0
1000,21,0,0,0,5,image,0,4,2229,652,0
5060,192,11,3,14,23,image,9,0,1721,3402,0
8970,641,27,10,29,1,image,19,5,2535,9488,1
1000,37,1,1,3,1,video,10,1,3512,609,0
7615,604,43,9,67,20,video,9,4,946,6783,1
8926,220,16,7,19,19,image,17,6,3116,5126,1
1000,11,0,0,1,10,image,23,2,3103,1479,0
1560,69,4,3,6,23,reel,3,1,771,4928,1
16866,413,12,17,28,1,image,22,1,1100,4396,1
16263,323,7,12,25,13,image,8,3,1556,8638,1
1015,29,0,1,2,28,image,14,2,1069,2593,0
10777,376,21,4,24,9,image,6,6,710,9218,1
51038,3386,215,45,129,24,reel,0,5,2686,44073,2
32817,737,37,20,68,9,video,9,4,2567,10207,1
6825,138,10,6,4,7,image,21,2,2737,5484,1
3489,357,23,4,17,10,image,21,0,2265,3196,0
2610,43,1,1,3,8,video,9,1,708,2250,0
18808,1064,34,44,126,3,image,15,3,2134,14727,2
11512,143,7,3,8,28,reel,18,5,1971,17080,2
25157,1145,45,54,116,18,image,12,5,3299,16515,2
10274,288,5,13,19,29,reel,19,6,3207,20281,2
35375,965,20,11,48,19,image,3,3,393,21746,2
9607,283,12,9,9,27,video,22,3,1997,11621,1
33270,1718,88,27,65,12,image,13,1,3435,22747,2
38850,459,27,12,30,5,reel,3,4,2597,22633,2
1904,51,3,2,3,29,video,19,4,1784,4640,1
1000,12,0,0,1,25,video,22,0,2471,3179,0
130390,2118,148,100,75,28,image,8,2,127,34049,2
12861,221,9,11,12,28,image,11,6,1830,8031,1
1000,32,1,1,1,9,video,21,3,3342,2588,0
2242,234,7,5,25,16,image,12,3,1653,3389,0
32512,540,42,10,35,22,reel,8,0,3401,32706,2
4897,375,19,10,30,27,image,15,5,2921,5665,1
3223,178,6,3,16,3,video,3,6,3447,2752,0
100869,6347,402,68,343,28,image,8,6,556,70197,2
1230,44,2,0,1,23,video,19,6,3052,3261,0
1926,150,11,5,12,14,image,2,6,802,2243,0
11854,629,15,6,70,22,video,13,2,1038,12531,2
16363,408,16,8,45,8,reel,16,5,509,10655,1
19799,104,7,3,6,11,image,12,2,1067,8388,1
41782,271,12,4,14,6,reel,9,2,2362,25700,2
11584,318,12,7,19,11,reel,22,1,1217,5347,1
19553,562,31,6,29,9,image,19,0,118,5923,1
5081,174,10,2,20,18,image,19,4,846,6749,1
9071,962,24,18,31,13,reel,2,0,500,12136,1
9833,569,20,8,26,8,reel,23,1,3318,9095,1
11934,277,10,8,9,11,image,12,1,2758,3621,0
32551,630,21,9,67,17,reel,16,4,1966,10776,1
22010,933,40,20,67,24,image,9,3,3114,16677,2
8774,607,24,23,30,27,image,13,6,993,11186,1
1888,63,4,2,4,8,reel,17,4,3314,1962,0
9152,846,47,21,33,13,image,12,1,2826,7392,1
7704,84,3,3,3,22,reel,13,1,941,10152,1
11472,361,11,14,41,6,image,8,1,2302,4357,1
430088,38284,1731,1312,3546,22,image,23,3,3504,332491,2
3156,70,2,1,6,17,reel,4,0,1403,4587,1
17328,617,47,7,44,4,image,8,2,812,10071,1
55449,4561,138,120,337,20,reel,19,2,3340,106478,2
9666,170,12,5,16,4,reel,11,0,1170,6350,1
544771,21765,1239,1080,755,16,reel,0,6,2041,432694,2
4103,72,4,3,6,9,reel,2,2,379,4990,1
14521,558,40,8,44,0,reel,21,0,2304,8105,1
1923,47,3,2,2,20,image,23,5,3622,2297,0
4303,240,13,9,11,20,video,6,4,148,5155,1
12683,529,19,19,56,8,image,5,2,1055,4649,1
37173,1046,62,48,119,1,video,5,2,2310,23711,2
14391,337,6,7,13,27,reel,21,1,2185,14752,2
78151,1102,46,28,49,12,image,0,2,1524,53236,2
6829,369,26,16,33,26,reel,2,1,1171,8205,1
4456,143,7,2,14,12,image,8,1,2738,3729,0
1053020,33068,1178,1268,2454,22,video,23,2,1793,732298,2
16475,820,60,34,93,26,image,2,5,188,19739,2
2219,48,1,2,5,21,image,7,1,540,3245,0
2322,77,5,1,3,26,video,4,5,1427,4564,1
1485,69,4,2,2,2,video,7,5,2369,1190,0
43731,1942,55,26,73,24,reel,16,0,267,22597,2
4205,112,2,4,12,22,reel,4,1,3640,5985,1
10190,507,39,14,40,25,reel,9,4,3402,14893,2
7227,344,8,12,39,19,reel,3,1,277,7678,1
30232,678,53,29,64,6,reel,0,2,1550,12997,2
1764,62,2,1,5,18,image,11,4,1371,1876,0
1169,44,1,1,1,22,video,7,0,533,2794,0
12133,80,4,2,3,30,image,17,4,1896,5190,1
23902,678,33,23,77,23,image,0,2,2721,19059,2
14743,903,39,34,66,26,reel,1,5,1959,23529,2
1887,13,0,0,1,24,reel,21,1,3223,6632,1
27432,572,23,6,33,3,video,10,4,2352,24412,2
2123,41,0,0,3,24,video,20,5,2837,3861,0
3169,70,4,1,5,21,image,2,3,3092,2475,0
1481,25,1,0,0,5,reel,8,3,3109,1240,0
84295,2740,167,109,210,5,image,16,2,2094,72118,2
25340,2230,121,68,252,7,image,5,5,3096,15941,2
24076,281,15,2,19,18,image,5,2,1402,11032,1
76494,957,31,33,69,24,reel,2,6,3612,26209,2
1280509,32646,2483,769,3038,27,image,8,1,2417,534386,2
1000,68,3,2,6,4,video,16,2,1345,899,0
2145,77,5,1,8,30,image,7,3,244,3914,0
2672,113,7,1,7,3,image,2,3,1292,1806,0
1752,109,6,1,7,18,image,15,3,1775,2594,0
1164,28,1,0,2,30,image,16,6,434,3309,0
4725,136,2,5,15,12,video,9,3,2083,5229,1
1000,7,0,0,0,30,image,6,1,3135,2470,0
14810,393,23,4,33,19,image,17,2,1172,5851,1
8893,312,12,10,17,10,image,17,0,3399,3631,0
19261,1607,41,47,178,27,video,14,2,1511,24200,2
20209,473,24,19,21,0,reel,9,3,1052,9242,1
23990,1846,54,37,73,23,image,12,0,3060,13648,2
4137,451,17,17,30,12,image,3,3,2257,3643,0
368817,13127,657,463,1203,22,image,0,1,2288,103578,2
12356,120,3,4,4,0,reel,6,6,916,7541,1
1000,34,0,0,1,28,reel,12,0,2201,4213,1
1333,50,1,0,5,4,image,16,3,3151,789,0
1000,80,4,1,7,18,image,5,1,735,1829,0
8359,374,28,16,14,6,image,16,3,54,6266,1
6507,563,19,19,27,28,image,7,3,2803,5583,1
3487,62,3,2,5,26,image,14,3,2546,4906,1
302448,3334,104,103,135,25,image,2,3,766,125192,2
21767,450,26,5,13,11,image,7,3,1996,9135,1
29940,1839,51,43,219,5,image,4,2,469,24791,2
1516,104,7,3,8,0,image,15,6,1065,1015,0
1341,125,8,1,8,6,image,17,4,685,1780,0
8658,419,25,19,35,19,image,1,4,3372,4322,1
11063,444,9,5,40,10,reel,9,2,1328,8089,1
1000,78,5,2,5,2,image,14,5,1766,941,0
5857,166,4,3,14,30,image,17,4,899,6668,1
8310,757,39,33,70,27,reel,18,1,1929,17976,2
5501,190,12,8,8,13,image,18,3,2045,6357,1
1874,138,7,3,9,7,image,3,6,331,1501,0
3068,128,8,3,7,13,video,15,6,2872,4832,1
5893,188,11,9,19,7,image,19,6,1521,3092,0
9541,281,18,9,27,2,video,13,5,1723,4528,1
24067,1113,42,11,114,12,reel,21,6,605,33862,2
56700,3143,134,129,218,5,video,19,1,268,43566,2
4770,132,6,3,10,3,reel,23,6,2037,2418,0
3564,75,4,1,7,30,image,22,6,128,5080,1
17814,523,32,22,30,0,image,0,4,2124,7985,1
24331,445,23,21,52,25,image,9,4,2799,19388,2
3708,30,1,0,1,28,image,21,4,913,5871,1
33614,1558,45,39,122,13,reel,1,0,1064,47341,2
47252,9241,403,195,964,26,video,1,0,3446,76985,2
82870,3343,250,153,325,15,image,6,1,1686,40165,2
198983,4744,156,212,356,28,reel,9,1,1126,238293,2
1703,45,1,2,3,25,image,14,0,3239,2791,0
8308,610,39,7,53,20,reel,13,5,2398,12645,2
8269,350,11,4,24,17,image,17,0,2193,6120,1
6791,231,10,7,19,0,video,5,2,3575,5090,1
2518,49,3,0,4,8,video,11,0,2219,1502,0
1000,16,0,0,0,30,video,8,4,2939,3037,0
9574,959,71,19,88,28,reel,21,6,2573,17123,2
2032,52,3,1,1,21,video,21,4,2732,3032,0
9459,49,2,1,4,15,video,19,3,2506,6716,1
1940,121,9,5,5,12,reel,4,4,244,3856,0
1119,17,0,0,1,12,image,2,1,695,1430,0
12354,540,18,21,29,22,video,12,2,1927,8166,1
10632,447,26,13,26,8,reel,16,2,2597,6828,1
22987,658,35,14,56,17,image,19,6,2759,26110,2
414386,24923,873,857,1714,19,image,19,2,2949,416786,2
13347,373,15,15,27,20,image,5,1,2421,7820,1
19402,681,23,9,81,5,image,8,3,186,16978,2
1164,49,1,2,2,25,video,22,5,2085,3501,0
1000,30,1,0,1,13,video,16,2,2602,1498,0
139957,4742,357,165,368,29,image,23,0,3365,84121,2
1537,44,3,1,4,13,image,5,2,2242,1791,0
1237,99,5,3,5,24,image,6,5,2056,3505,0
7552,117,5,3,7,3,reel,15,6,600,5823,1
6888,415,9,9,43,27,reel,11,5,3063,13729,2
1596,48,2,1,3,0,image,23,3,1502,698,0
4679,246,14,10,26,17,image,0,6,3237,4137,1
74078,1499,100,74,53,23,reel,14,0,671,59476,2
1899,117,4,4,6,10,video,23,0,2876,2093,0
1000,49,3,2,3,29,image,12,4,1112,3405,0
44208,2047,144,77,83,20,video,3,5,572,33841,2
19655,808,20,32,59,27,image,1,1,3343,13679,2
2651,76,5,1,2,17,reel,10,2,2836,4735,1
1000,66,2,1,4,21,reel,18,1,3162,4184,1
2121,148,11,4,16,1,image,16,1,2880,1553,0
7343,317,18,10,36,2,video,2,0,2146,7213,1
66052,1616,72,54,94,17,reel,15,1,2469,38340,2
1254,129,5,6,3,11,image,21,4,211,2533,0
6959,253,13,11,28,12,reel,15,5,1375,10179,1
27316,719,50,30,58,19,image,6,6,1215,10254,1
1000,62,4,2,5,11,image,0,6,1076,1820,0
52094,1850,83,77,191,30,reel,13,1,1315,29551,2
1000,86,6,3,5,22,video,17,4,2386,2863,0
14729,69,3,1,4,18,image,20,2,2277,11653,1
12632,74,3,3,7,27,video,17,1,2672,6549,1
57082,803,27,17,59,0,video,11,4,1584,11053,1
21843,337,23,13,32,6,reel,13,2,3361,10674,1
1000,78,4,1,8,25,image,4,4,1886,2534,0
1973,103,4,3,6,24,video,17,1,1266,3296,0
10391,348,20,7,38,18,reel,15,2,3254,11038,1
5704,237,16,9,14,5,reel,0,0,1076,7088,1
19143,984,31,43,111,9,image,7,0,3021,10937,1
33552,1081,47,11,62,17,reel,3,5,2714,48088,2
24226,1689,72,24,86,2,image,23,6,3478,20846,2
5509,198,4,9,18,26,reel,1,0,3572,5111,1
1000,38,1,0,4,10,image,12,4,527,1571,0
3569,198,13,7,19,28,reel,7,4,1081,7592,1
17145,502,17,21,48,16,reel,22,1,1834,21624,2
1138,8,0,0,0,9,reel,4,2,1023,2487,0
25242,562,43,6,45,1,image,22,2,592,6121,1
41568,704,23,27,77,25,reel,4,0,3266,18965,2
10181,206,9,9,6,20,image,0,5,42,7697,1
1000,20,0,0,0,27,image,10,2,988,2175,0
1000,31,1,1,1,6,reel,11,3,3145,1321,0
241624,11748,574,247,1352,5,reel,14,0,1534,350484,2
3029,44,2,2,2,7,video,12,0,1003,2422,0
1000,40,2,0,2,11,image,13,4,3622,1477,0
74865,3462,230,76,114,11,video,7,2,2449,37564,2
8300,250,12,4,9,24,image,20,4,2929,8946,1
59212,526,38,25,43,29,image,13,6,1320,41897,2
13340,218,16,7,8,0,reel,9,6,934,13173,2
18497,502,29,9,55,16,video,1,0,1592,8272,1
15574,2060,45,31,226,19,image,9,2,3478,12980,2
28437,1093,72,49,93,7,image,10,1,2181,27128,2
488636,44889,3300,561,2947,12,image,0,1,3084,448507,2
46528,1878,100,67,206,22,image,19,3,3454,26146,2
1000,8,0,0,0,16,reel,18,3,3557,2947,0
18105,411,17,16,19,1,image,5,6,3432,11218,1
63238,1259,63,46,76,12,image,14,5,1489,26502,2
70605,2144,145,93,134,10,image,3,0,3465,44311,2
3759,192,13,2,15,6,reel,3,3,2445,3337,0
65966,1931,51,52,127,3,image,16,1,3311,42857,2
43042,1075,22,14,111,10,image,4,6,1412,18570,2
831121,60353,2559,1581,5213,26,reel,22,1,63,602819,2
2100,126,5,4,6,26,video,4,0,1630,3769,0
3250,135,8,4,8,4,image,15,6,1114,1308,0
4670,182,3,8,17,18,reel,9,5,2460,8074,1
3352,96,6,4,4,22,video,1,4,2272,3239,0
1632,7,0,0,0,14,reel,0,4,1531,2200,0
1000,33,2,1,3,1,image,3,5,2452,909,0
3705,228,11,8,15,21,image,18,1,1547,5095,1
15753,420,28,20,17,5,image,23,4,2697,8540,1
3334,51,2,0,3,5,image,7,1,1991,1285,0
263995,12467,508,432,1002,8,image,6,6,1049,243111,2
8300,248,14,6,8,2,image,22,2,418,6191,1
82772,1253,58,29,126,29,image,9,6,392,32846,2
12972,1195,45,41,88,17,image,6,2,3599,14350,2
35865,982,73,20,31,25,image,13,1,2876,27597,2
13394,427,27,4,45,0,image,8,2,3024,9880,1
95207,4310,137,177,356,5,video,7,3,2340,93040,2
8961,210,13,2,24,4,reel,22,5,1776,6982,1
19791,1295,45,29,71,2,reel,17,0,3024,16445,2
15668,517,23,17,34,22,image,4,0,2766,14507,2
4822,242,7,8,21,5,image,14,1,958,2689,0
16797,442,11,16,49,27,image,20,5,3641,13228,2
452206,21205,931,1055,2146,23,video,11,2,443,195347,2
4980,447,23,11,39,8,image,3,3,1900,3992,0
17240,498,18,7,50,8,reel,11,6,437,10033,1
77963,1625,39,25,62,11,reel,11,1,2650,26317,2
63098,1852,64,56,176,16,image,4,1,1411,31081,2
8275,677,23,17,55,21,image,20,4,337,10491,1
1000,45,2,2,2,13,video,0,5,2932,2499,0
20538,148,5,4,7,24,video,3,2,3492,14284,2
1000,19,0,0,1,23,reel,2,1,1298,3781,0
114220,3667,176,163,150,8,image,0,0,630,41004,2
10993,867,31,36,47,12,image,6,6,1132,10583,1
48992,1223,78,47,44,25,video,5,4,2930,17082,2
1597,69,4,2,6,22,image,19,2,3128,2910,0
1000,43,2,0,3,30,video,6,2,1795,3433,0
12956,204,9,6,8,3,image,5,1,2004,8957,1
7627,118,4,1,10,2,image,9,1,2363,1753,0
3345,116,6,3,5,15,image,2,5,1357,2645,0
9436,107,8,4,7,6,reel,17,3,2188,3806,0
1180424,32134,1479,983,3625,22,image,19,6,245,584927,2
36393,1309,78,16,128,22,image,1,3,1534,17122,2
53588,452,21,5,37,13,image,15,4,2661,10358,1
37015,1961,148,87,162,1,reel,13,4,3477,34501,2
116195,1793,64,34,64,10,image,23,1,3271,46338,2
5755,442,20,13,30,8,reel,17,3,1153,7426,1
1000,116,5,4,6,12,reel,21,6,778,4141,1
5770,113,7,2,8,26,image,19,3,866,6807,1
34930,817,51,32,94,22,reel,14,1,819,15377,2
1414,30,1,0,3,21,image,23,3,3267,2107,0
5899,327,20,13,27,0,video,14,4,139,7556,1
2332,150,7,1,14,19,image,19,6,1095,4855,1
121012,2766,81,58,264,16,video,10,5,2348,75981,2
31226,2775,200,56,197,18,video,2,0,420,31211,2
26180,777,30,35,83,12,image,15,4,1419,16343,2
24807,569,15,17,48,15,image,4,4,597,21755,2
7577,416,11,18,40,10,image,12,5,1069,5241,1
11563,283,14,9,8,23,image,17,0,1323,5455,1
1000,9,0,0,0,12,video,20,1,2444,2679,0
1000,12,0,0,0,26,video,5,1,3210,2778,0
10616,157,8,4,5,28,image,21,1,3597,11336,1
14518,103,2,3,9,24,image,5,5,2433,3854,0
71444,3189,120,68,362,16,reel,18,3,2700,80728,2
137091,2632,194,123,252,14,image,20,2,488,109754,2
136761,2977,196,137,110,16,video,15,3,2312,129198,2
1344,20,1,0,0,24,image,11,0,1968,2845,0
4298,147,3,6,8,26,video,14,1,3569,5525,1
19237,793,59,13,40,23,reel,9,3,2285,23334,2
772531,44575,3194,1660,1447,22,image,2,1,2915,624578,2
116329,7325,345,314,246,14,video,11,3,2955,49295,2
60773,4537,274,89,277,7,image,0,2,464,42409,2
4031,63,2,0,2,10,image,6,6,2070,3349,0
1652,68,4,2,3,30,video,23,6,3264,5591,1
33524,618,41,17,66,12,video,2,6,1273,20178,2
1117,38,1,1,4,14,video,1,2,2881,2425,0
5275,196,4,7,20,15,video,23,1,3636,5404,1
6590,57,2,1,2,10,image,17,3,3564,2545,0
142520,11236,713,156,514,4,image,7,5,969,140553,2
4279,359,22,17,29,6,image,2,5,1214,2956,0
1000,24,1,0,2,6,image,12,3,3522,1155,0
20090,2051,162,74,182,6,image,22,3,1461,18803,2
2302,84,2,1,8,3,reel,1,3,787,2437,0
8749,454,13,22,33,28,image,23,3,2257,9590,1
6932,515,18,9,61,2,image,3,0,1905,5878,1
4950,346,23,5,34,3,video,23,2,30,5423,1
33611,2336,153,53,80,17,reel,2,5,430,40723,2
1000,70,4,2,4,28,reel,6,6,2282,5337,1
3195,61,4,1,4,21,reel,1,4,3263,6041,1
27757,1270,59,28,63,4,image,10,6,2387,16037,2
2682,285,11,8,18,19,image,15,6,1802,4138,1
1000,60,3,2,5,18,reel,3,3,3644,4074,1
26994,3321,148,53,264,22,reel,0,5,3230,53186,2
61179,514,26,18,55,9,reel,3,1,1392,24564,2
7472,216,6,5,11,12,reel,10,3,3017,11754,1
1000,22,0,0,2,29,image,12,2,3305,3411,0
28875,1819,87,23,107,24,image,15,6,718,25705,2
1000,32,0,1,3,7,video,22,2,2292,1043,0
14126,538,42,20,28,23,video,8,2,241,16126,2
1640,69,1,0,5,26,image,14,2,2052,2916,0
1004,61,4,1,6,22,video,3,6,3349,2711,0
3657,72,1,0,3,19,reel,8,4,3284,4219,1
5825,146,10,4,15,23,image,5,0,2065,5067,1
2541,119,6,4,8,16,image,4,0,2158,2403,0
23380,1334,42,16,90,7,image,3,2,3117,17334,2
3630,98,3,4,8,15,image,1,5,44,3790,0
47303,5049,207,126,241,17,reel,7,6,2527,69674,2
13441,432,29,8,38,23,reel,1,1,1173,14046,2
2308,15,0,0,0,24,image,8,0,2816,2874,0
1704,104,3,1,9,4,reel,1,1,450,2135,0
1000,71,4,3,6,3,image,9,6,1780,947,0
13674,870,49,25,37,4,video,19,2,2778,9018,1
4280,156,7,6,6,7,video,5,0,2685,3656,0
1000,38,0,0,3,8,reel,1,3,2704,1722,0
3089,68,3,1,2,15,image,5,4,3356,2478,0
1600,173,5,4,14,22,video,10,0,1338,4320,1
138167,4391,249,123,526,12,video,15,4,2598,62527,2
1000,43,1,0,1,13,reel,15,5,2968,2654,0
1000,54,4,0,3,28,reel,0,0,3404,4268,1
59751,2293,127,114,259,23,reel,22,0,828,61288,2
93169,3127,169,114,357,23,image,10,5,904,65039,2
2119,142,9,1,4,23,image,7,3,1611,3244,0
2597,44,3,1,4,1,image,22,0,2937,1836,0
24568,645,43,15,33,22,image,4,0,3213,13948,2
1000,52,2,2,5,14,reel,18,5,1948,3191,0
1000,9,0,0,0,19,image,23,5,2659,2313,0
4888,187,5,2,9,23,image,7,6,250,3822,0
131900,6206,408,301,449,1,video,10,4,2759,106205,2
3698,238,14,3,10,20,image,13,4,2366,2960,0
9717,799,42,17,54,27,image,19,6,1224,9689,1
62368,1696,122,59,111,16,reel,23,6,2301,37642,2
359472,8330,521,321,971,20,reel,13,0,3462,249443,2
2868,106,6,1,8,2,image,17,4,3618,2313,0
7861,609,45,9,56,23,video,20,5,2355,13495,2
215280,3238,200,69,148,28,video,14,6,2382,56133,2
1000,37,1,0,4,10,image,18,0,2406,2054,0
51515,656,20,14,49,12,video,13,5,503,11808,1
1295,10,0,0,0,16,image,13,3,1282,1413,0
9744,139,4,6,11,4,reel,21,4,3619,12611,2
5235,247,15,10,14,2,reel,8,6,261,5425,1
1444,33,2,1,1,2,image,4,6,1170,652,0
1380,30,1,0,1,4,image,17,1,3296,876,0
13326,233,17,3,16,24,image,13,3,2554,8451,1
48628,2747,178,86,153,19,reel,13,2,1456,54531,2
6415,255,20,8,25,18,reel,8,3,2196,10022,1
9193,345,11,12,15,2,reel,17,2,2779,4000,1
22654,471,22,6,20,7,image,11,5,1317,5820,1
1409,10,0,0,0,29,reel,15,6,3387,5379,1
30682,86,5,2,5,16,video,0,4,1502,22455,2
35412,2217,165,54,89,2,image,22,4,3225,27664,2
878988,18474,1357,557,595,29,image,19,1,2394,266782,2
4117,282,9,3,15,17,image,11,2,198,3737,0
3552,309,14,5,36,15,image,4,2,3186,3742,0
32342,1224,77,61,37,18,image,23,0,448,25041,2
35397,709,19,22,25,12,image,13,4,3457,23858,2
3092,182,14,2,15,21,video,11,4,82,3514,0
3921,31,2,0,2,9,image,22,0,3618,2307,0
21461,627,43,10,24,10,image,21,3,1732,10934,1
1826,61,4,2,6,5,video,6,3,452,1397,0
3870,36,1,1,3,6,video,16,3,786,2563,0
9521,179,8,5,13,28,image,7,1,710,8100,1
48663,2698,159,129,212,6,reel,0,0,1980,55272,2
2729,45,3,1,4,5,image,9,1,774,1618,0
1000,55,3,2,2,14,image,5,6,2911,2017,0
1000,27,0,0,3,1,image,13,6,3554,602,0
1000,15,0,0,0,12,image,10,4,1116,1327,0
1000,15,0,0,1,4,image,5,1,382,571,0
6134,255,11,7,13,7,reel,10,0,217,5458,1
1000,20,1,0,1,5,reel,17,6,2554,1846,0
2287,39,1,0,4,26,image,14,2,2765,3428,0
2011,107,2,2,9,13,image,15,3,3497,1518,0
3666,185,8,3,9,0,image,3,6,526,2652,0
87597,1648,118,42,165,28,reel,2,6,2113,68456,2
26675,483,14,14,55,30,reel,15,3,738,29878,2
8341,202,5,2,8,4,image,12,5,58,2299,0
3533,274,12,12,14,3,reel,15,3,1580,4819,1
3715,94,5,0,7,4,image,8,2,267,1898,0
14617,515,15,7,49,8,video,2,1,605,8884,1
23190,1680,114,17,69,13,image,8,0,2600,10608,1
1581,25,1,1,0,24,video,15,6,804,3844,0
8653,1013,52,26,82,28,video,23,6,1472,13001,2
1000,33,0,0,3,26,video,13,2,3481,3853,0
11861,526,26,7,29,28,reel,9,4,1861,14699,2
31948,1218,40,30,100,1,image,8,0,529,8432,1
4894,190,8,9,19,29,image,0,0,193,4475,1
213149,8384,549,267,273,20,video,4,6,1489,118724,2
1658,108,2,2,6,3,video,8,6,3282,1845,0
11984,96,1,2,5,30,reel,14,4,165,12838,2
7597,407,11,5,38,21,reel,14,3,3308,7999,1
6764,331,7,10,29,23,image,7,4,1752,4605,1
6596,470,16,12,49,20,video,12,0,2210,7372,1
9826,263,11,10,20,24,video,5,2,2007,6927,1
37284,5505,367,97,278,0,image,1,2,1754,28815,2
96753,988,21,15,68,17,image,6,3,1158,63841,2
8070,133,5,4,8,20,image,4,6,1455,9076,1
35156,2745,207,108,247,26,image,12,0,2673,36975,2
2291,48,2,1,5,21,reel,18,2,746,4746,1
32167,2086,145,86,148,7,video,4,5,2915,44655,2
2055,66,3,2,5,20,reel,0,5,3432,4779,1
57710,4903,126,228,225,7,reel,1,6,1849,58687,2
433286,56755,1771,1426,4636,6,reel,5,2,1801,723790,2
6504,215,14,9,20,19,reel,3,6,2951,5812,1
1000,24,1,0,2,10,image,23,0,421,853,0
3021,111,5,3,13,10,image,5,5,2846,3482,0
74412,783,38,25,93,17,reel,15,1,2900,27118,2
21928,1052,49,11,80,6,image,16,4,1273,12017,1
12683,191,4,6,20,4,image,5,6,3549,7008,1
49791,825,21,33,79,13,reel,3,4,1829,60587,2
19380,658,52,32,50,4,reel,4,1,1052,13339,2
72540,1794,40,49,58,22,image,21,6,951,33583,2
42402,1048,42,51,123,21,reel,9,6,2518,33518,2
125374,2750,168,46,321,29,reel,0,3,3379,78667,2
15457,124,5,5,9,5,reel,15,2,3639,12561,2
41335,1431,112,48,87,23,video,10,4,3293,39585,2
4661,49,1,1,1,0,image,4,6,445,2501,0
2744,209,15,6,7,19,reel,3,6,2640,7408,1
174937,16086,451,793,1645,5,video,17,0,2972,152080,2
11958,381,12,4,25,22,image,7,0,822,8954,1
34502,1780,92,47,143,2,reel,1,3,1834,52048,2
10124,177,12,7,10,1,video,18,6,220,3736,0
2819,107,4,1,9,8,reel,4,0,2453,3271,0
8264,345,12,11,33,10,reel,23,4,2199,8926,1
107450,1761,77,54,194,23,image,14,1,684,55495,2
22013,116,2,4,8,5,image,13,2,669,9528,1
1000,51,3,2,2,24,image,16,5,819,3020,0
5500,189,14,3,6,15,image,5,2,2315,3366,0
200411,6706,406,252,716,2,image,16,1,2043,145623,2
5514,207,9,6,22,29,video,4,6,1899,8421,1
1000,27,1,0,1,17,image,6,6,937,1964,0
244626,36702,1949,661,1785,26,reel,13,6,2891,299209,2
27675,324,7,6,29,2,image,9,4,2190,16298,2
7143,394,17,12,38,14,image,21,1,1135,4774,1
4152,132,7,1,12,5,image,0,5,347,2704,0
56853,1899,134,73,69,15,image,2,5,3128,37277,2
3054,165,6,2,19,24,image,0,2,2861,4521,1
64014,2035,140,96,160,26,reel,21,4,1125,52954,2
21503,1328,86,58,112,30,image,9,6,1022,23234,2
12587,1328,100,46,45,8,reel,21,4,3548,25465,2
10529,436,34,19,13,8,image,13,5,2698,7244,1
5913,127,2,6,5,23,image,20,0,553,3770,0
53218,776,35,31,50,24,reel,19,6,620,26361,2
1706,96,6,3,11,10,image,2,6,1957,2101,0
1000,20,1,0,1,10,image,23,1,2925,1207,0
24489,446,11,18,53,6,image,12,3,222,8510,1
25241,800,45,30,72,24,reel,14,1,78,23069,2
19233,880,65,25,34,3,image,5,3,2227,11302,1
16880,309,10,9,28,17,image,19,5,648,8938,1
4550,377,15,7,33,11,reel,1,1,2045,6187,1
33438,1409,61,58,154,16,video,3,4,1253,32857,2
7465,281,12,12,22,28,reel,5,0,3096,9472,1
3371,110,5,1,5,25,image,19,2,2854,4386,1
4622,71,1,1,6,28,video,19,3,525,5395,1
307783,12854,858,638,1257,21,video,6,3,144,162663,2
1000,52,1,0,3,13,image,13,0,1576,1536,0
19922,1875,128,73,72,30,video,9,3,2710,26694,2
1000,15,0,0,1,17,reel,13,2,1797,2959,0
6668,145,9,4,15,11,image,0,3,882,3125,0
3712,191,7,2,10,26,image,10,2,194,3285,0
1000,63,3,0,6,29,image,11,3,3638,2772,0
16321,630,19,20,33,14,video,0,6,3246,18612,2
4088,197,10,4,11,25,video,15,3,1068,6159,1
1000,24,0,1,1,15,image,9,5,1806,1462,0
36725,2513,50,122,106,15,image,6,2,557,17331,2
107260,5654,359,240,348,16,image,18,4,1447,42381,2
118447,3340,93,87,317,15,image,19,3,2504,90977,2
15461,732,55,21,48,27,reel,6,4,2310,15698,2
8803,564,29,9,32,27,image,22,1,1031,6844,1
88493,1167,23,44,108,24,image,0,5,1298,27140,2
167424,6029,462,168,460,18,image,13,1,1986,130111,2
62344,3602,100,159,249,3,image,17,1,1931,29902,2
1488,17,1,0,1,10,reel,5,4,2825,2020,0
11642,733,29,12,47,4,video,8,2,1803,9001,1
17874,649,35,17,51,1,reel,16,6,2926,18894,2
1000,26,1,0,0,19,image,8,4,983,2142,0
18860,623,14,27,37,9,reel,7,1,828,21473,2
484748,15187,923,364,779,2,image,15,6,3481,292057,2
25639,426,12,15,46,6,image,3,6,789,11673,1
114937,1344,84,22,42,2,video,13,2,3002,102002,2
11262,404,11,18,37,3,image,6,4,1012,3423,0
7102,99,2,3,9,15,image,7,3,405,5337,1
16095,507,14,20,30,20,image,10,6,1459,10742,1
1865,76,4,1,4,24,video,17,6,391,3916,0
1429,29,2,1,1,12,image,5,2,2734,1629,0
79169,2945,230,114,161,22,reel,16,6,3622,90830,2
95818,5577,361,90,626,2,image,8,4,1992,40919,2
1361,45,3,1,1,3,image,21,0,3565,1153,0
46276,1914,138,39,136,10,video,9,3,3216,36102,2
6929,677,35,29,36,19,reel,10,2,3476,12283,2
14937,1506,50,62,139,4,video,18,6,2559,16985,2
18553,56,3,1,3,0,image,1,1,1252,5086,1
48524,1162,33,25,71,18,reel,20,0,2250,49234,2
9404,220,15,9,7,12,video,7,0,971,8236,1
102569,847,37,37,94,13,reel,19,0,1915,66332,2
14142,556,20,16,42,13,video,8,3,2789,9123,1
24922,573,40,22,20,28,image,4,6,1524,18949,2
1808,49,1,1,4,3,reel,2,3,1777,1320,0
394583,15414,1209,369,1544,18,image,19,0,1282,287131,2
18876,517,39,24,36,23,reel,0,6,285,30415,2
29242,556,31,21,65,23,video,15,6,663,12740,2
1000,53,3,0,2,2,image,14,5,631,767,0
1842,54,1,1,5,10,image,5,0,1008,1532,0
75221,2133,98,55,226,29,image,18,1,258,69251,2
13580,156,11,3,11,23,image,9,0,3292,9526,1
1000,37,0,1,2,28,image,19,4,2878,2953,0
52518,429,16,6,17,22,reel,8,2,3033,29048,2
3044,453,18,10,19,2,image,18,0,2019,3848,0
102782,1974,119,86,134,30,image,10,5,46,37607,2
6918,375,23,5,42,25,reel,11,5,614,7700,1
11713,217,5,5,10,20,image,20,4,841,10949,1
67651,303,10,10,22,0,reel,2,1,2690,31299,2
1610,60,4,1,2,28,image,9,6,2953,2871,0
1356,34,1,0,1,27,reel,1,2,2496,4038,1
5689,86,3,2,5,26,reel,1,4,2150,9417,1
35915,763,22,36,89,9,image,3,0,1354,8951,1
1000,18,1,0,0,28,image,17,4,288,2880,0
1000,37,0,0,1,0,image,18,6,875,978,0
35692,2063,78,67,71,17,image,18,3,2953,31982,2
2737,131,6,4,10,23,image,23,1,2245,2997,0
3999,216,4,4,16,6,video,13,2,2757,3930,0
1000,35,2,0,1,29,reel,4,1,3333,4240,1
2387,44,3,1,2,18,image,11,4,1049,2547,0
7993,132,7,3,7,5,reel,13,3,2215,7886,1
43246,924,42,42,28,28,image,18,6,2723,35863,2
2021,29,0,0,3,3,image,11,0,2797,1036,0
160055,1897,100,22,188,30,image,0,6,3240,103732,2
2363,32,1,1,1,30,image,20,1,3389,5365,1
2369,42,2,1,3,29,image,14,0,2373,4271,1
128958,9179,263,244,546,9,image,2,1,3096,111831,2
11856,489,30,19,15,13,image,22,3,2722,7982,1
2999,142,5,6,11,23,reel,10,5,1139,5327,1
6128,100,5,2,9,24,video,19,4,207,6882,1
92552,1463,43,52,87,6,reel,17,1,3323,56719,2
113455,1215,42,47,62,15,image,6,5,2076,56834,2
1862,49,2,1,2,11,reel,21,0,2001,3724,0
7507,227,10,10,13,21,image,22,2,2758,4258,1
9530,758,60,36,54,23,image,22,6,502,11994,1
1373,18,0,0,1,13,image,4,6,1705,1714,0
7330,192,4,2,9,27,image,3,2,2692,6642,1
8181,166,8,7,15,9,image,13,2,1494,2386,0
63093,2677,105,82,312,23,reel,5,2,2526,71576,2
71208,4598,334,71,212,13,reel,14,1,2068,78479,2
4480,340,11,13,25,3,image,16,1,1357,3496,0
5513,130,9,4,8,9,reel,0,5,2473,4059,1
26788,420,25,6,35,25,image,18,4,1674,23341,2
2826,126,3,2,13,13,image,3,4,2987,1628,0
23378,1221,54,54,134,24,image,13,5,248,11948,1
6917,846,41,41,59,21,image,13,6,2986,12198,1
1415,37,1,0,3,12,image,0,5,2801,1917,0
1447,133,5,2,10,6,image,4,0,2575,1853,0
109612,1997,109,48,198,22,image,12,5,984,89501,2
6114,218,13,6,23,20,reel,10,0,3591,7082,1
155225,10104,508,222,950,9,reel,11,4,2392,196672,2
3214,81,4,2,2,2,reel,16,6,1978,1525,0
13686,76,5,0,3,12,image,16,6,886,10750,1
601281,10209,509,435,1028,0,image,15,3,1635,271412,2
1207,9,0,0,0,23,video,17,6,1654,2835,0
1000,15,0,0,1,7,video,20,1,1227,1464,0
82113,738,20,16,62,12,image,5,6,1163,39998,2
1829,92,3,3,9,6,reel,22,5,480,3634,0
7806,388,17,9,39,28,reel,11,5,2646,10162,1
2822,32,2,0,1,25,image,22,6,835,3313,0
13130,629,20,24,57,28,reel,15,5,1739,22934,2
1464,19,1,0,1,23,image,9,6,1138,2870,0
5861,117,2,5,4,3,image,1,3,3575,3337,0
18208,1333,39,25,98,20,image,2,6,1864,13847,2
1319,101,3,3,8,14,video,14,5,1072,2591,0
2298,53,2,1,3,21,image,16,1,3642,2839,0
4336,145,4,5,9,21,video,3,2,3022,6456,1
1000,11,0,0,0,20,image,22,5,2837,2164,0
3787,166,8,6,16,19,image,7,4,544,3184,0
10034,192,8,9,9,25,video,18,0,3244,6056,1
3947,114,5,2,7,26,image,18,4,654,4057,1
4971,351,13,15,26,16,video,16,2,686,6486,1
7817,130,5,5,4,0,reel,21,0,1329,3344,0
2489,76,2,2,5,0,reel,19,1,117,2162,0
28110,1540,55,47,67,1,reel,3,1,135,15501,2
107447,1722,90,39,87,26,image,9,2,39,73399,2
3512,105,5,1,6,14,image,13,6,1173,3234,0
19406,187,13,2,13,14,reel,12,1,1850,17517,2
5264,128,8,4,8,8,reel,12,1,404,6984,1
15644,439,8,8,15,28,image,4,6,455,8088,1
135727,4393,148,130,270,7,reel,23,3,1902,166111,2
20243,651,47,29,21,27,image,16,6,715,7909,1
1000,45,1,1,2,20,reel,19,2,1782,4281,1
18346,434,21,7,16,12,video,8,1,673,5781,1
74544,4360,263,171,196,20,image,15,6,2666,74738,2
5437,221,11,4,16,28,image,6,0,2614,5191,1
48637,1940,39,79,220,2,image,14,5,3402,21839,2
2339,40,1,0,1,1,video,6,1,3481,1226,0
1000,50,1,0,4,5,video,22,5,2682,1662,0
10447,485,14,22,16,20,image,12,3,468,6230,1
1000,19,0,0,1,16,video,11,0,1997,2109,0
5262,32,1,0,2,21,video,12,6,416,2934,0
82151,1697,75,31,67,12,image,5,1,2477,26387,2
1000,25,0,0,2,26,image,19,5,1223,3598,0
1000,36,0,1,1,14,image,6,1,1780,1597,0
1264,24,1,0,2,14,image,21,2,2338,1771,0
7230,591,17,6,49,14,reel,20,1,1496,15638,2
4195,422,14,18,40,7,reel,7,6,1367,8840,1
100553,6015,327,132,269,30,video,13,0,1647,131609,2
45153,2444,76,31,143,1,image,7,3,1038,12954,2
19761,629,20,6,58,0,reel,3,1,848,15871,2
10531,272,6,12,19,14,image,6,5,447,8603,1
16445,483,38,14,41,21,image,20,3,248,7561,1
1717,43,2,1,2,14,reel,7,3,1688,2872,0
37910,762,39,26,68,24,reel,22,5,2382,49092,2
1094,82,6,2,7,11,reel,17,4,157,2067,0
36449,1835,102,74,104,7,image,10,4,1769,23852,2
68532,863,30,39,94,19,image,15,2,2304,40839,2
11843,185,8,6,17,7,reel,21,1,3131,12116,1
5900,286,13,12,10,16,image,1,0,3011,6014,1
16656,320,14,3,10,19,reel,19,3,2009,23534,2
1000,9,0,0,0,3,image,13,4,3537,887,0
13961,407,10,13,35,7,reel,23,1,3246,14527,2
6607,131,3,2,14,1,image,20,2,1196,1874,0
7397,559,23,9,50,6,image,21,0,1647,5720,1
28904,473,11,7,23,27,reel,1,3,3017,35037,2
7082,193,15,4,6,0,reel,10,6,2609,3963,0
1040,23,1,0,1,23,image,21,4,1865,2357,0
6282,97,2,1,7,5,reel,6,0,1817,5453,1
9150,173,9,5,19,14,video,6,3,999,5647,1
9965,158,10,2,14,0,video,16,6,1901,7731,1
10844,191,8,6,21,15,image,7,1,379,10084,1
52620,5478,267,110,537,28,reel,14,1,2946,55533,2
1147,14,0,0,1,3,video,9,5,1648,502,0
11117,439,14,12,35,9,video,10,4,1466,10105,1
82608,3964,221,76,325,8,reel,3,1,3170,48707,2
1000,48,2,1,3,21,image,20,0,3640,2279,0
11196,136,9,4,14,25,reel,2,0,3460,9110,1
2825,101,7,4,5,8,reel,4,3,3131,2842,0
4157,47,3,1,5,3,image,5,2,1702,2831,0
1589,208,5,6,16,27,reel,6,1,2777,4874,1
5971,361,24,11,25,3,reel,0,0,2829,6232,1
222851,5889,356,170,288,26,video,23,0,2393,159487,2
1000,45,1,1,2,17,image,13,2,801,1553,0
1000,13,0,0,1,24,image,11,1,928,2268,0
1000,47,3,1,2,26,image,3,5,2724,2526,0
181562,4380,291,181,132,21,image,15,5,73,134515,2
3525,83,1,2,4,11,video,2,5,107,2245,0
7737,141,4,2,8,10,video,6,4,2507,6687,1
3924,575,43,20,65,20,video,13,3,1544,8048,1
1480,55,4,2,4,15,image,23,1,3332,1962,0
5306,381,13,15,25,27,video,14,1,2816,9736,1
676601,14422,528,289,1708,23,reel,11,4,940,449949,2
99282,2844,161,102,179,27,reel,15,6,1357,74246,2
1745,94,2,4,10,12,reel,17,5,962,2745,0
25994,1640,91,23,188,14,image,12,5,403,24092,2
1813,57,4,1,5,27,reel,8,5,1104,4791,1
1000,55,2,1,4,9,reel,21,0,3546,3217,0
50772,1888,121,78,196,25,reel,7,6,3632,77827,2
65392,945,48,21,55,17,video,2,4,1112,30966,2
53257,4642,172,182,292,12,image,7,6,1917,43238,2
3478,68,3,1,3,28,image,18,6,182,4277,1
6001,91,4,1,4,8,image,1,0,675,2154,0
31243,1949,128,27,82,21,image,9,6,1507,17256,2
16394,704,36,14,75,11,image,0,3,1628,10014,1
3989,145,10,6,4,29,reel,21,2,2553,6991,1
1000,74,1,1,5,16,image,7,6,1275,2503,0
9946,246,19,2,15,17,image,5,4,1419,8820,1
56512,2495,132,110,161,9,video,16,4,2795,33732,2
1000,35,1,0,3,0,image,22,4,3291,623,0
25585,362,8,12,37,30,image,1,4,2415,11601,1
14717,243,9,3,21,13,reel,20,5,801,16197,2
31265,1493,69,69,137,20,image,9,2,1630,26013,2
38931,1128,85,34,115,28,image,4,6,2125,24906,2
2321,103,6,1,6,10,video,1,4,1011,2711,0
1000,48,1,1,3,1,image,10,3,417,392,0
3101,33,1,0,1,24,image,5,3,3075,2976,0
40152,952,47,22,48,19,video,5,0,457,41903,2
3054,226,16,5,25,19,reel,4,0,448,6812,1
2323,34,2,1,3,11,image,3,5,737,2253,0
1000,7,0,0,0,28,image,18,2,31,3256,0
189997,5757,132,91,192,12,video,9,6,818,117745,2
35820,768,21,30,74,1,reel,19,2,421,32008,2
32396,1940,97,21,223,17,video,12,6,2418,37821,2
46254,2648,67,100,300,24,reel,1,5,3270,46094,2
22881,1305,45,22,123,12,reel,9,0,3102,31800,2
5219,289,20,8,25,14,image,2,2,2094,6405,1
6034,190,8,6,7,28,reel,7,6,3163,11346,1
3753,124,9,4,4,18,image,19,5,1481,5535,1
929622,57802,3777,2406,3113,9,reel,7,1,2305,643945,2
22040,1202,43,36,97,11,video,5,1,1213,15984,2
3516,80,1,3,8,23,video,3,6,1503,5898,1
18730,860,44,41,93,23,image,3,3,458,13064,2
1313,62,3,3,3,2,video,5,5,988,1814,0
121553,2415,116,55,152,23,image,21,3,363,35311,2
2465,103,7,1,5,10,image,12,0,1091,1939,0
19969,736,48,28,57,4,video,18,3,2550,18395,2
55202,3661,187,73,376,4,image,3,0,1669,33661,2
16197,729,15,29,73,27,image,14,6,3179,11019,1
9605,217,8,2,23,6,image,19,1,2307,6752,1
8262,172,8,7,13,15,reel,18,5,3586,15647,2
7320,400,14,5,35,17,image,17,1,2040,5085,1
2869,121,8,5,14,15,video,18,0,2453,3392,0
3608,238,10,8,21,10,reel,23,0,2787,6003,1
116222,8879,286,146,399,0,image,9,0,699,99460,2
6665,572,38,17,33,1,image,7,6,494,5715,1
1969,134,7,4,4,14,reel,2,0,1698,3856,0
3199,192,6,8,7,26,reel,4,0,438,5874,1
58727,1536,79,48,114,26,image,9,1,3516,17006,2
27339,2247,138,71,216,20,image,1,6,3617,30317,2
22216,1185,55,26,55,8,video,18,5,716,21317,2
5097,65,2,2,3,29,reel,8,1,1174,11696,1
22743,266,16,3,16,11,image,7,3,847,17336,2
2544,165,10,8,17,24,reel,22,4,3547,4905,1
5078,243,5,8,11,4,image,1,1,2969,2569,0
46427,212,7,9,7,17,image,14,4,1078,27561,2
39093,1480,86,61,127,6,image,14,1,2719,27428,2
1383,66,2,1,5,14,video,23,2,264,1764,0
1737,90,6,1,2,24,reel,9,6,574,5115,1
9854,617,18,13,60,29,image,21,3,1867,9824,1
181142,5477,355,104,373,2,video,16,6,1183,62550,2
1000,12,0,0,0,13,image,9,5,744,1730,0
13373,428,17,18,38,2,image,12,2,1894,4709,1
1000,41,2,1,1,16,image,10,0,3287,1731,0
2586,83,2,2,3,30,video,14,1,1912,3577,0
4204,129,7,3,9,10,reel,7,2,1595,3432,0
3801,28,2,0,1,11,image,7,5,443,2026,0
3100,72,5,1,2,8,image,17,5,1626,3000,0
8208,186,8,4,11,26,image,23,2,3110,7664,1
3091,71,4,3,4,26,video,13,2,1440,4284,1
1000,15,1,0,1,25,image,7,5,3132,2636,0
32983,1124,44,18,93,7,reel,1,0,432,24945,2
31419,786,54,29,89,6,video,22,2,2299,26490,2
36964,3002,89,95,213,4,video,22,1,2286,20536,2
1000,39,3,0,2,5,image,4,4,1068,621,0
13877,687,49,8,39,22,image,18,4,589,7358,1
27357,972,49,15,36,16,reel,16,5,2563,14915,2
1266,165,7,6,7,26,video,22,6,2346,5006,1
8237,224,17,9,8,20,reel,12,1,1464,12781,2
6572,392,9,13,36,28,video,5,1,1479,7601,1
223210,9532,475,101,585,1,reel,8,2,3334,141725,2
258872,8975,441,203,294,20,image,18,3,3118,200389,2
1000,40,1,1,3,3,reel,4,5,1437,1218,0
721486,50851,1360,1086,2691,10,image,15,1,1914,561426,2
1560,67,2,2,7,14,video,19,3,1532,2894,0
47344,3662,289,45,381,15,video,2,6,3246,46029,2
46485,344,23,3,19,6,image,12,0,1766,8755,1
1349,17,1,0,0,5,image,6,6,121,1373,0
19690,878,44,18,104,4,image,11,1,418,9797,1
6677,201,12,7,20,6,image,4,2,2656,4373,1
21977,255,12,10,28,21,image,7,1,155,4366,1
12273,806,48,27,25,27,image,3,0,2053,8800,1
69801,1904,136,94,159,10,image,9,1,2024,44857,2
9280,24,0,0,1,26,image,15,4,641,6385,1
5989,152,11,6,9,25,image,7,2,2426,4861,1
58274,821,61,29,31,8,video,20,4,412,41793,2
23033,296,13,12,28,5,image,14,5,3374,14298,2
30250,907,71,23,70,11,video,23,4,2699,13631,2
2449,249,18,6,25,3,reel,16,4,619,2717,0
1234,39,0,0,1,29,reel,5,2,1389,4568,1
2916,101,2,3,12,25,video,13,5,3275,4982,1
2650,53,3,1,3,12,image,16,0,306,1616,0
33361,2413,161,119,279,15,video,11,5,1049,42954,2
46946,1789,62,61,162,10,image,1,0,2546,26751,2
6128,60,2,1,2,0,image,4,4,1861,1892,0
106473,3615,189,109,362,6,image,5,5,1083,51059,2
95153,1014,47,41,81,1,reel,9,6,618,48314,2
12558,150,3,6,7,12,image,20,3,1116,4246,1
1845,39,1,1,1,12,image,0,5,1678,2358,0
138092,5715,393,57,661,11,image,22,1,327,39228,2
7260,454,11,20,54,21,image,12,2,2203,4791,1
10168,352,20,16,28,22,image,23,6,1560,10372,1
4397,290,16,13,13,17,image,16,3,969,4421,1
1633,101,7,3,6,10,video,11,6,3336,2625,0
1000,31,2,0,1,10,reel,2,3,3103,2289,0
25315,692,53,33,58,14,video,17,5,3144,28045,2
1978,17,0,0,1,22,reel,14,1,3433,4163,1
1996999,82198,1849,1313,5262,9,video,8,4,1228,1356183,2
1147,38,1,1,3,22,image,19,1,1298,2779,0
1000,56,2,1,6,9,reel,16,4,1140,2203,0
20297,188,4,7,8,16,image,6,2,891,4734,1
127104,10972,243,387,738,7,reel,3,3,3166,157974,2
9102,197,7,2,15,2,image,15,6,1243,4155,1
22698,633,27,22,32,15,image,2,1,2708,6135,1
1000,32,1,1,2,21,image,12,5,3532,2554,0
2393,49,3,2,1,13,image,23,5,767,2498,0
1173,24,1,0,0,24,video,17,2,1153,3211,0
1000,46,1,1,4,1,reel,7,3,3282,1044,0
10002,419,21,6,25,1,reel,23,6,1485,12174,1
1000,29,1,1,2,28,reel,21,3,3332,5187,1
1000,41,3,1,1,17,reel,11,0,2133,2436,0
3081,74,3,2,6,10,reel,0,4,1262,3788,0
1814,64,2,1,5,20,video,21,0,1669,3707,0
16539,543,34,22,56,23,reel,19,2,3262,24860,2
14045,617,30,25,29,27,image,23,5,187,7477,1
40491,405,21,12,32,28,reel,22,4,2432,34231,2
31391,850,24,12,94,10,video,11,4,3109,25100,2
63162,4211,179,120,209,0,image,0,1,3200,32434,2
8075,317,7,14,13,12,image,9,0,2005,8513,1
13991,909,59,30,55,3,reel,9,6,1425,9361,1
20347,819,28,32,95,15,video,7,1,3590,12729,2
10456,239,6,5,10,5,image,19,6,1471,7851,1
3964,62,3,1,2,20,image,19,2,1454,4784,1
4454,36,1,0,4,27,reel,0,4,1850,5357,1
1860,74,2,1,4,6,video,21,4,1786,1564,0
17307,1336,103,22,58,16,image,7,2,984,12537,2
6841,75,4,2,6,29,reel,4,5,1469,7695,1
2455,70,5,1,2,9,video,6,2,1975,2582,0
2460,127,4,5,8,24,image,1,3,477,3589,0
1000,20,1,0,0,1,image,3,6,1873,442,0
47188,1380,61,25,111,19,image,7,2,2667,11456,1
9334,706,31,9,60,1,video,2,2,711,8735,1
1714,32,0,0,0,2,reel,4,0,884,1366,0
34730,510,16,19,38,17,reel,5,5,3272,29500,2
2954,24,1,0,2,27,video,18,0,3291,5583,1
1000,37,2,1,2,21,image,4,2,408,2458,0
50929,927,24,41,107,12,image,22,1,208,11367,1
3081,110,2,2,12,11,video,23,6,3224,4093,1
3881,180,4,5,9,14,image,8,3,3573,3629,0
8726,422,24,7,34,8,video,0,3,1977,8183,1
63364,2923,100,54,306,0,reel,6,3,3112,71240,2
8400,256,16,6,24,25,image,3,4,1775,8384,1
1000,35,0,1,3,16,image,0,1,1126,1974,0
21568,1244,78,53,66,26,video,19,0,3138,20367,2
3384,298,21,6,33,18,image,2,1,1807,4045,1
242380,19312,438,500,988,11,image,18,6,1671,264886,2
8086,217,15,9,19,1,video,16,0,2146,5367,1
1000,34,2,1,3,23,image,11,3,1126,2159,0
15417,456,23,17,28,18,image,7,5,1039,5858,1
268411,5425,201,142,432,26,reel,9,4,601,165340,2
138227,2882,154,68,265,7,image,7,5,369,66646,2
218757,14175,547,551,1609,11,image,8,0,2520,154907,2
1292,6,0,0,0,7,reel,6,2,1669,1791,0
41851,1211,63,38,102,4,image,23,4,3046,12732,2
2209,77,5,0,3,27,image,22,0,2132,3289,0
12133,805,45,28,28,11,reel,20,2,1877,22015,2
1000,24,0,0,0,0,reel,20,5,3553,1410,0
2540,91,4,1,6,1,image,6,2,1052,1887,0
2398,69,5,1,5,10,video,20,5,3106,4230,1
40839,847,36,14,31,1,image,11,3,3436,21453,2
34244,830,33,34,38,27,reel,3,0,2126,24163,2
13336,258,19,12,13,25,video,17,3,2371,11387,1
1000,14,0,0,1,28,video,23,2,3129,3329,0
4624,199,14,2,7,26,image,19,5,2002,7369,1
2115,50,1,2,3,1,image,0,5,1643,1336,0
38770,619,41,27,62,20,image,2,2,2898,20688,2
67557,3243,184,135,351,26,video,3,6,3238,62176,2
54257,2312,62,56,213,26,video,22,6,1239,52778,2
2081,34,0,0,1,14,image,12,3,1704,2377,0
1000,40,1,1,1,28,image,19,0,2696,3198,0
1000,44,2,1,1,5,image,3,4,2484,1049,0
104707,12145,505,294,1206,21,image,12,3,1299,140517,2
3935,227,8,9,12,8,reel,8,4,2643,5465,1
2097,232,12,8,14,28,reel,12,4,964,5774,1
155871,5301,408,61,242,27,video,16,5,518,108674,2
79006,4866,132,235,336,28,reel,12,6,872,78147,2
8467,421,24,13,25,1,video,1,2,3560,9420,1
4778,235,17,4,14,8,image,19,2,3229,5179,1
6388,53,2,0,1,12,video,21,1,505,2923,0
12196,613,47,19,43,29,image,13,4,2946,7931,1
144362,3557,198,120,142,20,image,4,4,1363,29681,2
17334,299,18,4,23,30,video,19,5,784,13805,2
29937,417,28,13,37,26,image,14,1,1026,13504,2
66481,1154,36,31,91,8,reel,20,5,284,79825,2
1000,62,3,1,2,5,image,14,4,774,1040,0
31531,2720,154,133,232,19,image,16,6,589,19373,2
4768,189,5,4,12,24,image,18,0,612,4942,1
1000,29,1,1,1,6,image,1,2,1143,1013,0
1000,38,2,0,1,20,image,5,6,3311,2448,0
1296,24,0,0,2,12,image,10,5,2238,1608,0
21082,739,33,11,48,24,image,16,4,699,8273,1
9945,371,10,17,26,19,image,6,6,2439,9707,1
11292,795,24,8,30,21,image,10,4,3408,7566,1
271494,10917,554,204,991,1,video,1,3,442,194863,2
1000,25,0,0,1,26,reel,15,1,927,4491,1
7712,487,22,17,47,20,reel,15,4,1676,9133,1
14016,841,18,21,30,6,image,13,3,553,10731,1
2153,98,7,1,5,15,video,12,2,1916,3469,0
8526,535,39,16,51,8,reel,23,1,2273,11443,1
1000,14,0,0,0,3,image,1,1,968,483,0
102521,3767,90,171,124,14,reel,17,3,949,62427,2
2375,217,7,10,21,21,reel,14,1,2672,6160,1
313802,9347,202,221,1092,24,image,10,4,2033,135804,2
7643,411,26,6,26,29,image,4,0,2185,7827,1
51559,1451,78,18,124,19,reel,22,2,259,67811,2
7361,532,27,23,33,0,image,22,4,2676,6348,1
7666,336,23,13,26,12,image,8,5,2070,6712,1
2832,90,6,3,8,13,image,16,6,2559,3794,0
10040,221,9,6,19,30,image,2,0,1223,9982,1
14362,151,8,4,8,3,image,0,2,3277,6275,1
1975,151,7,4,7,27,image,23,4,72,3224,0
6469,61,3,1,4,6,reel,20,0,2467,3649,0
2702,127,3,3,11,20,image,0,3,245,3087,0
508588,13064,496,240,1067,15,reel,1,1,2927,262520,2
6894,233,8,3,9,30,reel,3,3,3029,13156,2
130799,5608,168,103,347,9,image,0,5,1874,109240,2
5698,170,7,8,16,14,reel,8,1,2035,5988,1
12922,82,5,4,3,20,video,9,3,888,10844,1
1000,37,1,1,4,5,image,15,5,69,1008,0
3623,192,15,8,13,8,image,3,5,359,3492,0
11836,433,16,6,43,23,video,21,2,871,14280,2
140759,5016,385,74,304,24,reel,19,1,1802,188142,2
12083,164,5,2,10,20,image,16,2,715,10526,1
97801,4461,175,55,522,5,video,22,4,2920,62550,2
25676,1282,38,51,103,6,reel,4,4,2587,20697,2
151648,1424,48,17,55,28,reel,18,5,2142,103178,2
7286,261,7,12,30,27,reel,10,2,2426,10452,1
598631,18661,1072,674,1189,12,image,8,5,123,481378,2
3382,105,3,1,9,17,image,16,5,966,3413,0
2039,56,1,2,2,1,image,7,4,896,1442,0
1000,36,1,1,3,20,image,0,5,109,2464,0
538124,13514,820,439,1571,3,reel,8,6,1627,436827,2
35419,1333,60,18,85,2,video,18,5,1435,41581,2
4440,425,12,11,18,16,reel,2,0,1486,10118,1
76744,3199,76,102,256,26,image,20,5,2463,61970,2
27940,658,41,26,29,28,image,21,3,2554,7457,1
279017,7516,467,164,524,13,image,11,2,1217,199627,2
1000,42,2,1,3,15,image,5,3,666,1213,0
5025,227,11,4,9,16,reel,19,1,1389,7459,1
3524,62,2,3,7,13,video,6,6,1369,3127,0
1000,20,0,0,1,22,reel,4,0,331,4029,1
54643,2469,157,106,154,23,reel,17,3,1970,31674,2
4980,433,28,6,29,14,image,7,6,1415,5897,1
30679,1102,44,44,117,7,image,14,4,3592,14502,2
566702,54106,3285,2407,3941,26,video,5,6,519,555737,2
4290,100,4,2,11,20,image,23,6,3380,3828,0
3796,41,2,0,1,12,image,5,0,1271,1717,0
10032,477,29,23,25,6,image,23,0,1412,7470,1
47908,2315,150,113,177,12,reel,18,0,963,74834,2
2921,121,3,4,5,26,reel,10,2,1239,6423,1
2602,76,2,1,4,10,image,16,2,200,2409,0
54335,1503,53,23,115,27,video,22,2,3468,30107,2
16019,697,32,18,37,7,image,15,1,1242,4618,1
1000,9,0,0,0,6,image,22,0,3149,698,0
1000,31,1,0,1,2,image,22,3,2812,553,0
120840,8913,482,95,333,4,image,20,3,2601,61111,2
16705,848,46,39,40,8,reel,22,2,1421,12570,2
2055,65,3,2,2,22,image,22,2,2280,2112,0
5962,136,4,5,15,16,video,0,3,1313,4849,1
8298,49,1,2,2,20,reel,14,1,2669,5014,1
30464,492,16,15,14,3,image,16,1,3020,10120,1
1000,90,6,2,10,19,video,2,0,2599,2532,0
1783,24,0,1,2,20,image,15,2,1498,2094,0
13244,899,35,44,48,15,image,20,0,3059,8428,1
6770,577,21,6,62,19,image,17,2,60,7037,1
22682,1034,57,24,112,4,reel,7,2,2649,29052,2
1000,54,4,1,5,15,image,11,1,3061,1766,0
15410,403,29,5,33,22,image,22,4,2384,8310,1
57806,4710,123,88,389,4,image,6,1,1761,32649,2
19463,1268,66,13,148,5,reel,12,1,3422,18362,2
10408,91,2,3,6,23,video,20,6,165,6893,1
6818,160,10,2,16,16,reel,11,6,3436,7312,1
1803,64,2,2,2,6,reel,2,0,1008,1967,0
7118,275,9,9,25,10,image,19,1,1539,3975,0
78234,4915,241,119,585,27,image,8,4,1012,65382,2
6540,173,7,7,5,10,image,9,1,3645,3703,0
1633,27,2,0,1,11,image,20,1,1413,1474,0
3340,259,5,10,26,25,video,2,2,1453,6285,1
11632,140,10,6,13,6,video,17,6,2234,4427,1
4136,86,2,3,8,14,image,18,1,931,2420,0
19410,523,15,21,61,9,reel,21,4,1252,16799,2
20766,1202,77,47,46,15,image,6,6,780,21708,2
40141,1538,78,38,139,8,reel,0,5,2641,60544,2
105072,3283,242,118,287,27,image,20,5,460,88720,2
48656,1833,96,59,88,4,video,3,2,2426,44892,2
1507,70,3,3,3,17,reel,21,2,1351,4605,1
1593,77,2,2,6,19,image,17,4,417,2215,0
7069,524,40,9,46,24,image,9,6,3535,7984,1
3597,61,3,1,5,3,video,8,2,1268,3040,0
1044,55,3,1,3,26,reel,16,4,1205,4002,1
3659,12,0,0,1,7,video,20,6,321,2574,0
3449,190,4,6,11,21,image,0,5,3359,3242,0
2417,61,4,2,3,1,video,0,6,3317,1359,0
4589,44,2,0,3,4,video,19,2,418,3681,0
67589,1836,125,89,157,16,image,9,4,1064,37678,2
11598,356,22,14,36,3,video,11,1,560,6486,1
693326,33020,1554,571,2227,13,video,0,0,2577,307058,2
11013,57,3,1,5,13,image,6,3,620,4793,1
4807,434,27,20,48,14,image,14,5,1455,4342,1
8163,154,3,6,10,1,reel,21,2,2019,3793,0
12857,192,12,3,15,22,image,3,1,3490,8584,1
17737,419,21,13,46,9,image,9,6,3621,11528,1
340469,10049,707,211,573,22,reel,17,2,1567,291182,2
1769,34,2,1,3,6,image,19,1,768,1036,0
38035,1033,31,17,84,6,image,11,1,2110,27969,2
11777,81,1,1,5,1,reel,10,0,1238,11209,1
1000,51,1,1,5,26,video,20,6,1651,4719,1
32443,375,24,11,16,12,image,22,4,3119,5546,1
79357,1701,122,33,56,4,image,18,0,1564,18025,2
1732,99,6,3,4,7,image,16,3,1953,1740,0
7973,97,6,4,10,4,reel,16,2,2045,4633,1
1000,44,2,1,2,3,image,16,3,1278,706,0
1000,25,1,1,2,2,image,12,6,3275,894,0
53447,2647,207,110,134,22,reel,2,2,1560,66419,2
3499,209,5,2,15,18,video,21,2,2202,5568,1
1101,52,2,0,4,28,reel,17,2,2691,3986,0
12246,874,32,31,45,30,video,8,4,3011,8728,1
3164,77,2,2,4,19,reel,12,0,1342,3656,0
3472,86,4,4,4,16,image,1,4,156,2164,0
30662,1059,37,10,41,28,image,17,5,2428,11782,1
1001,12,0,0,0,29,image,9,6,394,2817,0
1588,45,1,1,3,5,image,20,3,2930,1192,0
10692,161,6,7,6,18,reel,5,3,3635,5673,1
46394,4862,155,138,302,23,video,16,6,235,73549,2
75258,5141,379,150,368,27,image,8,5,109,57478,2
2447,27,1,1,3,12,image,11,3,2745,2233,0
43795,2768,188,78,235,19,video,7,2,2589,46157,2
1975,65,3,2,7,15,image,20,6,3449,3154,0
216896,11304,254,542,872,19,reel,4,2,495,245862,2
1052,41,2,0,4,20,reel,17,6,321,4343,1
88544,3122,71,65,120,18,reel,0,3,1364,56663,2
2485,90,3,4,7,24,image,18,3,325,3779,0
303714,4376,231,118,270,2,video,11,3,3300,66413,2
23491,1174,78,12,112,1,video,21,5,2258,27136,2
1301,100,7,3,10,25,reel,9,5,2456,4445,1
3165,71,2,2,6,12,image,3,0,2479,1935,0
33061,1348,80,26,51,11,reel,16,5,1904,43621,2
53893,4277,206,167,367,23,video,11,0,1703,42364,2
7134,491,32,9,47,16,image,1,5,817,10850,1
8781,310,23,4,10,16,image,2,4,3417,6816,1
31730,413,21,8,18,28,image,11,4,2025,18945,2
10272,500,18,15,45,10,reel,17,0,488,6737,1
1000,44,2,1,2,8,image,23,5,635,1272,0
1875,62,3,1,2,1,image,10,4,459,606,0
12372,520,37,22,57,29,image,22,4,3277,6332,1
72248,749,40,9,86,0,image,17,1,67,43993,2
148563,9090,692,226,578,12,video,12,5,3386,90125,2
32963,657,13,18,78,13,image,2,1,3006,19172,2
13590,296,19,12,31,28,video,20,3,534,10718,1
31190,1491,60,51,119,14,image,14,2,356,28734,2
2440,237,14,9,23,0,image,18,2,3395,2548,0
6149,255,19,6,29,7,video,2,6,2214,4132,1
1838,130,7,6,12,15,reel,22,5,3360,5518,1
1000,41,2,1,2,24,image,8,4,3396,2623,0
14770,518,15,24,24,1,image,9,4,69,5716,1
11315,97,2,1,6,22,image,12,5,220,5275,1
27938,990,53,10,46,5,image,0,5,2901,14786,2
21655,1388,63,48,44,5,image,16,5,455,12788,2
12541,439,11,13,31,4,reel,6,0,3018,13241,2
22068,432,27,17,25,5,image,12,5,3184,17233,2
7503,814,50,11,31,19,image,12,2,1795,6812,1
17038,610,15,20,66,26,reel,17,1,1035,10191,1
2192,112,2,2,4,2,reel,19,1,3619,1642,0
15763,439,18,13,38,28,image,4,6,1559,11182,1
26988,589,34,9,47,6,reel,19,5,901,20680,2
2427,83,6,3,9,30,video,15,2,2131,4871,1
8895,267,12,4,14,25,reel,21,6,1249,13952,2
2637,125,3,4,6,21,image,9,3,2624,2990,0
3140,22,1,0,1,15,video,13,5,3599,2703,0
1069,41,1,0,3,28,reel,3,5,696,4996,1
79094,2115,123,63,217,14,reel,8,1,934,34509,2
55173,2878,128,33,131,4,video,20,5,3193,56691,2
21319,968,72,30,55,10,image,18,6,3063,20554,2
282081,27352,1703,475,832,4,reel,23,3,2833,279281,2
5763,183,3,7,17,8,image,20,2,555,5880,1
1899635,44543,1887,1992,2641,1,image,5,3,358,1244899,2
5380,385,11,15,19,14,image,7,5,1114,6819,1
12827,395,14,4,33,16,reel,3,2,421,11078,1
3960,202,8,6,10,15,video,12,0,1758,4613,1
15838,181,9,2,6,6,reel,18,0,2590,12708,2
36464,1963,133,51,100,8,video,19,5,2640,30052,2
6600,230,5,10,24,17,image,23,4,1741,5207,1
198410,9814,456,114,820,10,reel,8,1,1359,235856,2
12462,391,27,7,28,0,image,10,4,1668,8530,1
13185,786,36,33,58,22,image,13,2,2595,8567,1
1577,21,1,0,2,16,reel,18,3,817,3247,0
17210,375,25,7,12,5,reel,23,1,34,12352,2
6366,596,37,28,26,27,reel,3,0,2609,12868,2
2711,135,6,2,14,7,image,8,6,2328,3366,0
2002,155,12,6,12,22,reel,5,3,443,5019,1
993683,11547,256,197,1380,1,video,5,6,2205,253727,2
5042,159,3,7,14,11,image,3,0,1381,3800,0
1000,60,2,2,5,7,image,14,2,3324,1343,0
2305,46,1,0,3,2,image,15,3,2645,817,0
7384,207,6,10,6,13,image,10,0,1770,5281,1
21676,285,8,4,31,7,video,14,5,3580,9868,1
21996,975,60,43,75,7,image,16,6,2566,19436,2
27389,1289,58,48,39,15,reel,15,1,798,37909,2
2538,82,5,1,4,27,reel,22,6,2276,5273,1
14954,592,20,18,36,7,image,4,6,2332,10884,1
1674,33,1,0,1,4,reel,22,2,2934,2033,0
2656,136,4,4,4,24,reel,1,4,262,4828,1
1553,45,0,1,2,12,reel,0,3,3301,3308,0
1000,25,1,0,2,28,reel,12,1,996,4220,1
55026,2944,84,126,244,21,image,11,1,1878,50575,2
27987,972,59,45,57,5,reel,12,1,379,23602,2
47004,2910,178,91,110,23,image,23,6,624,25993,2
8697,317,19,11,30,0,reel,10,0,3037,9070,1
32802,988,54,15,93,14,video,20,3,2727,33889,2
1000,12,0,0,0,2,video,16,6,1543,356,0
38313,869,21,38,103,23,image,1,3,310,24774,2
11145,621,47,29,33,24,image,10,0,3257,6071,1
25054,876,20,36,46,29,image,3,2,651,10594,1
16059,651,32,14,37,1,image,20,4,175,10951,1
1371,65,4,1,7,26,image,8,0,890,3020,0
1000,30,1,0,3,23,image,18,5,2558,3375,0
2249,132,9,1,11,26,reel,1,4,1100,5398,1
22400,261,14,8,19,12,reel,8,1,1892,14803,2
28061,614,44,15,36,20,video,19,5,458,22841,2
1000,14,0,0,0,13,reel,21,2,2541,2386,0
1385,133,7,4,7,21,video,0,2,3531,3242,0
2204,62,1,1,6,22,reel,11,2,3530,4292,1
4259,131,2,5,11,9,reel,21,2,3307,7848,1
1000,34,2,0,2,9,reel,11,5,3552,1859,0
1000,25,1,0,2,30,image,7,0,3079,3045,0
1845,125,8,3,5,25,reel,17,6,3038,5991,1
9464,150,9,2,5,1,reel,19,5,2770,4898,1
1000,39,2,0,2,2,image,22,6,792,538,0
6578,113,5,2,13,24,image,21,4,689,4184,1
54469,2543,103,27,81,22,reel,0,0,2779,49832,2
1000,34,2,0,1,6,reel,19,5,1052,1527,0
5588,81,4,2,4,28,video,4,4,3496,4790,1
51254,1915,61,82,227,0,image,20,3,2458,38236,2
3816,208,9,3,12,5,image,19,4,1283,3233,0
2885,50,1,1,4,17,image,5,2,1931,2490,0
65794,3551,236,39,382,17,reel,10,6,1295,50761,2
4669,203,7,2,18,6,image,18,6,853,4185,1
59165,5586,320,135,212,19,image,20,4,1760,43489,2
17538,494,31,14,21,26,video,20,6,2191,9282,1
4371,59,4,2,3,4,video,8,3,2546,3775,0
19214,1043,47,42,106,24,reel,1,1,1296,27576,2
14426,761,55,35,77,16,image,23,3,927,12653,2
50898,1811,108,83,82,27,image,20,6,581,55390,2
3019,127,2,1,8,7,image,5,5,602,1465,0
8726,201,8,2,8,21,video,13,0,2128,7510,1
7253,468,20,13,33,23,image,22,4,1067,5830,1
28780,607,16,20,38,11,video,7,5,2254,9782,1
1280,156,7,5,18,17,image,18,0,2367,2595,0
50541,1378,37,40,89,22,image,11,3,3044,38548,2
18758,475,33,23,16,12,image,23,6,182,12919,2
1000,35,1,1,2,20,reel,9,2,3281,3462,0
71315,3026,93,143,337,23,reel,3,4,3388,82436,2
451968,8053,451,398,509,7,video,22,2,1672,134495,2
49182,996,71,27,103,22,image,8,1,2048,25197,2
105722,4234,322,64,285,18,image,6,2,3353,32776,2
9449,715,52,16,58,6,image,4,3,414,4251,1
1000,30,2,0,2,26,reel,9,2,3511,3989,0
1000,40,1,1,4,0,image,19,1,2648,381,0
12824,966,48,46,78,18,image,8,6,2600,14579,2
2791,47,1,0,3,7,reel,6,4,1068,3305,0
1562,149,11,1,14,21,video,10,4,3650,3698,0
7237,496,12,21,17,27,image,12,3,2805,8469,1
24539,1710,91,55,93,20,image,19,2,3440,18287,2
1000,16,0,0,0,12,image,4,6,3217,1569,0
3612,106,7,2,8,19,video,7,2,2448,3732,0
122733,3235,130,52,339,6,reel,16,0,1853,55289,2
1169,8,0,0,0,2,image,10,3,1412,940,0
38776,427,32,5,30,11,image,17,3,698,20682,2
3386,48,1,1,1,19,image,10,2,176,3023,0
21642,530,34,7,62,11,image,2,1,1740,8700,1
58406,1473,60,42,83,3,reel,20,3,2173,78365,2
30770,2493,110,104,103,14,image,16,0,2098,22355,2
41626,237,8,2,24,26,reel,3,2,1742,14379,2
1019,56,3,2,6,13,image,3,5,1332,1523,0
60149,780,31,11,44,14,reel,8,4,1506,42939,2
1746,56,3,2,4,9,video,22,5,2815,1966,0
12928,743,49,14,74,14,video,7,1,3408,7238,1
12898,215,9,9,6,9,reel,21,6,1012,10521,1
19403,184,3,1,21,29,video,11,1,2382,6749,1
14861,201,4,5,11,24,reel,4,4,3076,11031,1
1774,49,1,2,3,21,video,2,6,1484,3460,0
1000,58,4,0,2,20,reel,8,1,1614,3529,0
38957,2596,113,104,88,10,image,5,0,2030,23047,2
11321,181,11,7,7,21,video,14,2,2153,11939,1
64143,3808,290,86,224,29,reel,23,0,3358,46209,2
7476,245,9,3,27,5,video,19,4,232,6980,1
1000,10,0,0,0,26,reel,7,5,3005,4205,1
46121,2034,144,93,120,30,reel,22,4,790,44897,2
4160,155,8,2,10,1,image,23,1,1355,1659,0
14997,1213,32,53,65,2,video,10,0,1618,14624,2
2526,276,18,11,23,15,reel,11,2,1863,5430,1
156332,6350,471,210,480,21,image,11,6,2705,64867,2
1672,119,7,4,7,16,image,9,2,634,2346,0
4414,100,6,1,9,23,image,3,6,3547,4004,1
9832,626,40,18,40,25,reel,21,6,3048,16000,2
1134,38,2,1,3,8,reel,8,5,292,1797,0
14690,1041,36,42,87,16,reel,2,1,2064,14010,2
147478,3550,265,73,171,2,image,23,1,3422,76967,2
3351,41,1,1,1,3,video,2,0,162,2734,0
16502,978,68,18,51,22,image,22,2,1145,14403,2
1000,14,0,0,1,27,reel,3,3,1693,4588,1
7554,63,3,1,6,17,reel,9,4,3588,3674,0
4612,94,6,1,11,22,video,12,0,2048,4054,1
1856,70,4,2,6,29,image,5,2,191,3718,0
56761,822,24,18,92,2,reel,13,2,2330,29100,2
4504,114,6,4,7,22,reel,13,2,1872,6791,1
5887,204,6,9,17,19,reel,20,4,2170,8654,1
4109,330,8,9,21,28,video,10,4,2845,7062,1
1000,12,0,0,1,9,image,21,6,377,1198,0
1056,129,10,6,15,19,image,18,0,1299,2455,0
45705,1440,113,17,139,26,image,19,1,509,39054,2
1000,26,1,0,2,15,reel,15,0,3556,2370,0
2039,65,4,1,7,8,image,4,1,3383,1439,0
3946,250,8,11,9,29,video,15,0,3378,4478,1
186935,7033,235,161,515,4,reel,17,2,977,201466,2
32321,2384,148,115,228,25,image,8,1,1229,35984,2
2972,22,1,1,1,25,video,15,3,1716,3447,0
84806,715,46,34,56,1,reel,14,3,44,45243,2
2136,145,3,6,9,10,video,15,4,3149,3002,0
49830,1267,52,50,63,18,video,16,5,664,27125,2
1000,42,0,2,4,3,reel,16,0,2507,1118,0
55930,6650,446,125,638,4,image,15,1,147,65755,2
3900,144,5,6,12,10,reel,7,5,515,6971,1
1272,88,4,1,3,29,reel,16,2,2491,5044,1
5481,129,7,3,5,13,image,3,6,246,2015,0
13349,648,12,16,44,20,image,21,0,540,9582,1
3325,41,1,2,1,18,image,19,0,772,2590,0
21963,1525,97,34,66,13,reel,6,3,1767,26229,2
2837,238,8,7,8,2,image,1,3,812,2212,0
24752,2291,124,80,129,29,image,3,0,708,17833,2
17961,260,20,9,8,16,reel,16,3,712,22884,2
7261,474,12,7,45,10,video,0,2,3169,10223,1
3661,301,10,9,25,13,video,2,4,2980,4596,1
10644,222,13,7,16,13,reel,16,5,1096,13407,2
21817,1242,69,57,147,30,image,11,4,2370,21323,2
331452,12770,1004,616,936,12,reel,8,6,2556,476261,2
43956,157,3,3,16,30,video,6,3,925,26992,2
46947,930,67,17,43,4,image,12,2,2151,10432,1
2103939,66056,3257,2467,3555,6,image,7,0,244,1390157,2
20511,343,11,10,20,4,reel,1,1,1389,13009,2
19387,146,7,5,17,29,video,10,2,2199,9025,1
28773,1066,47,46,119,18,reel,22,5,2781,41684,2
1317,11,0,0,0,15,video,12,3,1377,1977,0
3644,70,2,3,7,2,reel,14,4,444,4906,1
3258,266,9,5,13,5,image,7,0,2598,1964,0
25996,236,12,11,19,28,reel,2,2,2604,28011,2
5922,253,6,6,11,29,image,17,5,397,6806,1
10392,183,4,8,14,10,image,9,6,679,4545,1
57378,1191,47,21,59,22,video,1,2,1034,51010,2
38317,1466,91,45,121,9,image,7,3,326,25645,2
6056,132,10,1,9,29,image,0,1,2871,4333,1
2426,51,1,2,4,4,image,20,6,3534,2747,0
62535,4997,391,238,222,2,reel,23,0,3080,101422,2
32630,3539,216,154,267,10,reel,21,6,652,68206,2
1000,36,2,1,2,5,reel,19,4,1006,1259,0
4611,210,10,3,9,21,image,18,6,988,5807,1
10915,352,16,17,26,28,image,11,1,1699,6515,1
32921,931,62,22,39,29,image,9,0,66,21412,2
41696,857,45,30,58,30,reel,1,1,840,17662,2
13507,129,9,2,7,5,reel,22,1,2481,13176,2
23235,557,40,24,43,1,image,0,1,2416,12799,2
9094,143,7,3,10,5,video,6,2,2781,6048,1
2409,82,4,2,3,23,image,10,1,1561,3478,0
5063,205,9,2,11,4,video,15,5,104,2505,0
8384,179,10,5,14,21,reel,23,1,3574,9333,1
7612,237,14,4,24,17,video,12,2,1902,8261,1
1000,20,1,0,0,24,video,19,5,3331,3584,0
3962,178,4,7,6,3,image,10,1,3100,2488,0
8965,521,40,25,52,13,image,23,2,474,5648,1
4883,86,3,2,5,2,image,4,2,2880,2964,0
5196,119,4,4,6,0,reel,9,3,2375,2106,0
19504,751,24,21,38,23,video,5,2,2940,8520,1
1161,14,0,0,1,17,image,6,4,2578,2008,0
1000,40,1,0,3,24,video,19,5,276,4416,1
4329,86,1,1,3,2,image,17,3,408,1629,0
32061,331,9,8,22,9,image,16,6,1054,19680,2
168990,4412,89,131,235,4,image,2,4,768,109639,2
33117,1788,54,81,80,18,reel,22,2,1916,23210,2
1000,40,3,0,4,17,image,22,1,3622,1836,0
5333,130,6,4,9,23,reel,16,0,1879,10119,1
12860,1032,24,22,95,2,image,9,0,1254,12058,1
11155,187,10,2,20,1,image,1,5,2773,4951,1
21391,483,27,23,23,26,reel,10,5,1789,24833,2
1555,27,1,1,1,19,image,2,3,3360,2061,0
9107,441,17,21,23,3,reel,15,1,1597,11228,1
17267,1284,76,33,120,8,video,17,3,2625,18844,2
35818,3244,92,130,208,12,image,1,3,324,27021,2
1900,39,1,1,2,12,reel,6,2,1774,2151,0
4353,65,5,2,2,22,image,15,3,1588,2559,0
1000,47,2,0,1,11,image,5,3,2167,1367,0
2647,43,1,0,2,18,reel,20,0,2808,4045,1
3152,254,8,4,11,22,image,9,0,43,3397,0
1293,27,1,1,2,3,reel,16,0,1134,1441,0
10917,357,9,14,41,14,image,17,4,1661,9521,1
7326,401,16,14,45,7,reel,14,6,2377,11865,1
1000,26,1,0,1,23,image,15,6,441,2568,0
11943,696,23,28,38,4,image,13,4,2572,8206,1
1523,47,2,0,3,9,reel,4,6,2678,2776,0
19423,1056,28,48,41,19,reel,7,2,1978,25953,2
1000,50,2,1,5,16,reel,21,5,2859,4332,1
8552,623,13,24,56,1,video,8,3,1892,9880,1
4867,445,34,7,24,28,video,23,2,3649,6683,1
13982,189,10,4,18,2,image,13,4,212,8385,1
10142,257,6,7,13,13,video,19,6,1705,7011,1
5118,188,5,5,18,1,image,5,3,2646,2978,0
1000,45,2,0,2,17,image,4,4,345,2280,0
1000,48,3,1,5,10,image,9,1,2448,1354,0
2832,27,1,0,3,20,reel,19,3,532,6163,1
7983,131,3,6,7,19,image,16,4,2208,6217,1
2711,121,6,3,9,28,image,12,1,3316,3719,0
24968,2070,75,57,106,1,video,4,5,910,16213,2
4902,132,3,4,13,19,image,0,5,739,3019,0
1426,25,1,1,1,10,image,3,5,2246,1762,0
4911,427,27,5,50,18,image,16,5,1344,6269,1
12167,792,32,30,86,29,image,22,4,2898,11394,1
14541,284,6,13,15,25,reel,23,3,513,5696,1
238251,6852,186,188,279,30,video,18,6,2890,126394,2
2430,133,7,1,11,30,image,10,2,2995,3958,0
7099,373,19,7,21,24,image,17,0,2742,4626,1
17448,169,10,8,8,27,video,1,2,1120,9891,1
7768,495,26,7,39,21,image,8,2,2654,7652,1
3290,285,14,3,22,3,image,5,4,1378,2299,0
1000,2,0,0,0,27,video,23,0,1579,2987,0
3230,70,5,3,3,20,video,13,1,2718,3133,0
1173,73,5,2,3,26,image,22,6,3384,3761,0
1000,29,1,0,1,10,image,18,3,2193,1775,0
1934,44,2,1,4,18,reel,17,3,3564,3319,0
1230,73,1,3,5,12,image,4,0,2186,1709,0
23174,521,11,11,37,0,image,1,0,3057,12826,2
23907,1046,40,17,123,20,reel,5,5,213,31929,2
1592,47,3,2,5,9,image,19,4,744,1724,0
5072,75,5,3,2,4,video,22,2,820,4354,1
1000,22,1,0,2,6,reel,16,2,1187,1323,0
3328,86,5,3,4,21,image,21,3,1027,2809,0
16616,262,5,8,24,22,image,1,5,2560,5055,1
35770,1333,101,63,60,9,video,21,6,3632,52003,2
2245,80,2,1,3,10,image,2,3,657,1309,0
53816,3899,299,107,446,25,image,4,2,843,48498,2
1000,35,0,1,2,14,reel,19,2,3385,3474,0
1000,15,0,0,0,11,image,22,3,1381,1342,0
29067,1455,78,34,160,26,reel,3,2,2559,30008,2
164065,1595,42,60,89,1,video,8,2,727,51991,2
19696,2142,46,73,76,21,video,19,3,3287,24948,2
7535,266,15,5,17,18,image,12,5,1746,5664,1
1000,9,0,0,0,12,video,9,1,3190,1698,0
1000,32,1,1,2,23,video,10,3,30,2997,0
10228,336,17,11,24,8,image,7,1,2000,6513,1
4253,157,8,4,11,19,reel,23,3,2939,6554,1
1107,49,1,0,3,7,reel,12,0,545,1338,0
9117,436,20,6,27,24,image,6,3,3226,5659,1
9969,305,17,13,11,12,image,21,4,2864,9711,1
44353,1302,95,55,57,24,reel,22,4,1805,55200,2
10361,184,8,6,17,17,image,1,4,3335,8325,1
73947,4136,256,135,425,1,reel,23,3,3090,112460,2
8220,269,13,4,17,19,image,23,4,682,6927,1
6583,165,10,4,9,0,image,22,3,48,4642,1
55037,1765,118,51,149,22,image,3,6,901,55574,2
1392,130,6,3,4,6,image,8,4,1613,1710,0
1284660,80093,1895,1576,6508,30,reel,20,2,2504,1606082,2
15922,580,42,8,41,6,image,9,4,646,6043,1
16082,1070,59,50,74,14,reel,10,2,1106,26424,2
20851,462,25,14,13,17,image,4,4,1443,12328,2
237719,11013,556,490,1264,4,reel,10,2,1932,307464,2
33742,674,20,24,30,7,video,11,3,1558,10523,1
1000,43,2,1,1,30,image,9,4,1584,2757,0
101341,15687,819,292,1015,11,reel,5,6,2488,151864,2
4386,83,3,1,8,23,image,2,3,2444,4670,1
9826,149,4,5,14,14,video,15,4,2934,8069,1
1000,29,1,0,2,6,image,1,6,3481,1197,0
20892,901,42,12,71,18,image,20,5,3440,16082,2
2508,42,2,1,2,4,image,1,0,3135,691,0
9704,401,9,6,12,30,image,22,3,1115,8833,1
4859,106,5,1,5,20,reel,13,4,2480,5740,1
259113,6027,147,297,391,21,reel,10,2,2525,131859,2
287238,3970,254,127,317,0,reel,20,1,2487,351901,2
8810,593,32,13,52,8,reel,10,3,3062,7377,1
9092,246,11,3,29,11,video,3,1,2852,4940,1
4137,53,4,2,4,10,reel,12,4,1478,4204,1
59326,4280,169,204,387,3,video,11,4,832,49367,2
4482,141,6,2,16,1,reel,21,2,2060,6545,1
3795,63,4,1,3,18,image,12,4,2173,4703,1
47167,2167,111,77,153,13,video,1,5,2516,32323,2
3075,269,16,3,25,7,image,8,1,229,2605,0
7570,232,18,7,18,18,image,7,2,316,5361,1
1000,48,2,0,5,30,image,5,4,2666,2807,0
28783,1816,52,34,147,29,reel,4,4,2280,43388,2
266614,18463,601,630,2086,27,video,1,4,2663,176643,2
29679,1505,108,33,65,8,image,18,2,1995,15163,2
112559,2515,57,80,257,5,reel,9,0,3010,50741,2
1766,205,10,4,10,7,reel,9,3,1147,2629,0
12399,159,11,4,5,9,reel,10,2,1938,4806,1
1483,18,1,0,0,0,image,23,2,3632,628,0
5377,293,7,8,24,9,image,16,5,3562,6023,1
32532,698,44,20,39,17,reel,23,2,325,33823,2
9732,997,42,29,42,7,image,14,6,487,7138,1
1000,14,1,0,1,30,image,21,4,3472,3229,0
1000,29,1,1,2,26,image,22,1,2120,2718,0
1000,20,1,0,1,11,reel,12,1,2338,1862,0
19626,865,17,12,67,12,image,11,4,76,9488,1
332704,6740,235,223,724,15,reel,22,1,244,240025,2
94129,6595,295,266,627,10,reel,17,6,2549,153115,2
1000,59,3,0,4,1,reel,9,2,684,818,0
104603,4134,211,124,430,11,image,7,0,2854,31942,2
43718,1119,79,39,120,17,image,9,1,2861,15875,2
1000,51,1,1,3,7,video,6,5,3491,1809,0
4694,278,10,10,12,6,reel,11,1,739,3512,0
58217,4061,226,96,163,16,image,16,3,1400,34703,2
21824,889,52,31,77,0,image,16,5,199,12007,1
1000,24,1,0,2,22,video,1,6,1973,2523,0
24326,1430,62,68,47,21,video,1,1,2011,33494,2
1000,29,0,1,2,29,image,15,5,397,3571,0
5425,228,14,5,10,4,image,12,4,3645,3452,0
62838,2520,187,97,196,24,image,1,1,2128,40057,2
8375,508,34,21,54,3,image,23,3,1403,5235,1
3300,325,20,8,32,23,image,23,0,2907,5900,1
40167,1730,100,42,203,7,video,1,1,1630,32273,2
46842,4152,275,66,305,25,image,0,6,2656,37607,2
85654,1166,77,43,104,4,image,2,2,2832,39344,2
39097,2112,43,58,234,25,image,15,2,3008,26735,2
56753,5149,213,78,477,19,image,22,0,2198,43867,2
30310,621,44,20,72,1,video,9,2,1101,24025,2
13068,138,9,6,7,8,video,19,0,1008,7649,1
9519,259,16,3,10,14,video,5,5,3605,10843,1
5286,260,10,7,11,20,image,0,2,2012,5070,1
1000,85,5,4,9,22,image,11,6,2038,2890,0
1451,9,0,0,0,16,video,10,5,1696,2689,0
4877,72,2,1,7,21,image,23,5,2081,2884,0
12514,1347,70,22,96,10,image,7,2,89,12390,2
108386,6769,367,181,624,10,reel,10,6,2241,73151,2
7515,247,10,5,23,5,image,4,3,419,2399,0
49328,1394,78,40,95,20,image,9,0,2034,21284,2
56543,1404,87,47,60,20,image,1,0,2220,15275,2
5342,158,4,6,13,28,image,8,6,3454,6574,1
23634,1176,43,41,136,16,reel,5,6,568,38559,2
5227,21,1,0,0,19,reel,9,4,3206,3347,0
87539,3521,266,138,177,22,image,15,2,2814,28036,2
25451,1155,84,35,125,27,image,18,4,2799,29458,2
1000,30,0,0,1,15,image,7,1,1808,1444,0
10837,452,24,19,13,23,video,20,6,3079,18033,2
157408,12734,866,491,1388,24,video,7,2,341,156550,2
5847,112,3,2,11,18,image,1,2,1788,4341,1
18140,149,8,2,7,17,reel,6,6,3476,6713,1
21646,1785,81,64,208,20,reel,5,6,2172,27953,2
1253,36,2,0,3,25,video,2,4,3065,3694,0
20318,1251,27,51,50,17,reel,15,0,2088,20205,2
1000,26,1,0,1,17,image,14,0,2343,2147,0
2627,88,3,2,9,6,image,7,3,2609,1946,0
56179,1883,84,41,169,29,image,17,1,2729,34413,2
15400,1120,30,32,92,1,image,5,1,1602,14064,2
4684,99,4,4,6,26,image,23,5,2438,4195,1
18099,735,38,15,38,11,reel,8,2,1264,24435,2
7272,711,15,8,60,7,reel,5,5,76,12077,1
8288,639,24,8,28,7,video,17,4,400,11725,1
26430,485,14,6,49,22,video,3,0,2277,7338,1
2187,43,3,1,2,8,image,23,0,2167,2056,0
8713,537,14,7,21,4,image,16,2,915,6261,1
4618,245,14,6,8,14,image,4,0,1632,4506,1
1000,15,0,0,1,28,video,7,0,3462,4135,1
1545,47,1,2,3,26,video,23,3,2975,3116,0
136321,7282,518,137,479,10,video,12,0,1511,136669,2
16195,436,26,19,33,20,reel,13,6,2002,16553,2
1000,42,2,2,3,14,image,17,0,2581,1651,0
1000,12,0,0,1,12,image,6,6,2619,1383,0
6621,534,18,21,32,0,image,10,3,569,4422,1
134609,9741,356,285,456,4,reel,10,3,1045,163739,2
5789,223,10,2,24,26,image,8,0,1742,4510,1
85186,1485,111,71,108,29,image,7,5,3299,35015,2
15267,1091,48,52,89,29,reel,10,4,407,14451,2
18925,106,4,2,4,29,image,18,3,2649,7384,1
1000,16,0,0,1,14,image,10,2,1501,1540,0
43806,1323,57,16,151,2,image,2,3,1486,20051,2
4434,105,2,3,7,5,image,0,2,2059,1265,0
38313,2092,87,98,66,24,video,0,6,746,28728,2
1871,19,1,0,0,21,reel,4,6,2320,4449,1
11144,235,12,8,13,30,image,18,3,1813,6647,1
15269,483,15,20,35,9,video,14,2,1462,6540,1
6140,116,4,2,7,12,image,8,5,560,1957,0
16784,99,5,3,8,29,reel,0,0,605,16116,2
5016,436,9,12,23,28,image,7,3,767,6585,1
2519,54,3,0,2,9,image,6,2,2418,1548,0
145782,7987,436,241,939,29,image,11,4,1448,70834,2
53536,2903,143,39,160,17,reel,10,3,73,62358,2
2059,64,4,2,7,30,image,4,5,3194,3746,0
22543,763,24,17,62,1,image,10,3,2958,12926,2
2128,89,1,3,3,17,image,2,1,2566,2579,0
1000,53,3,1,4,30,reel,1,3,2475,5633,1
52096,3636,107,172,431,29,image,22,5,2396,27306,2
1000,68,1,2,7,17,reel,21,2,2833,3714,0
42973,1598,121,62,91,1,image,23,3,3384,19334,2
5141,378,25,8,14,30,image,2,3,3555,5759,1
5537,364,9,10,26,4,image,16,3,1074,5735,1
16942,1092,80,43,42,9,image,21,6,1214,16905,2
23066,219,5,8,12,27,image,9,6,634,17005,2
1830,88,5,3,9,16,image,23,2,1958,2118,0
29492,1129,50,11,100,7,image,23,4,1529,10349,1
9937,490,25,5,49,0,image,4,3,2320,9218,1
1000,34,2,0,2,5,video,20,4,2271,1439,0
5968,195,5,2,8,23,image,1,5,2151,6265,1
97372,4229,314,173,184,22,image,3,5,87,52762,2
165689,9221,263,293,912,5,reel,2,2,2324,97755,2
29472,2783,212,84,191,27,video,23,6,556,33727,2
1000,58,1,0,4,13,video,20,0,3440,2236,0
19596,675,20,27,31,21,image,6,4,162,14916,2
37479,324,7,4,20,20,reel,23,3,1782,16874,2
29919,1565,68,29,65,3,image,3,3,1459,13940,2
33286,592,32,25,28,2,image,14,3,3150,19328,2
15582,1150,66,43,126,19,image,20,4,64,12774,2
7112,177,12,2,16,24,reel,22,6,2315,6538,1
2710,140,7,1,14,29,image,5,1,3013,3616,0
1000,81,4,2,8,24,image,18,5,2863,3556,0
14933,581,22,19,48,18,image,16,6,1087,6998,1
11326,662,39,13,37,16,image,13,5,1217,10280,1
22106,149,11,4,11,12,image,19,4,797,20949,2
1000,101,4,2,3,18,image,21,2,1221,2659,0
25874,1835,75,61,190,29,reel,3,1,1569,27413,2
327152,8374,339,326,856,2,image,11,1,3416,120595,2
9332,349,11,15,26,14,video,5,2,3258,7848,1
7251,587,31,10,37,13,image,9,3,3046,6071,1
14132,549,14,7,24,9,image,9,1,1492,11049,1
314332,17841,1250,262,656,26,image,17,2,1863,290855,2
1283,138,3,2,8,16,image,14,1,1858,2075,0
11681,354,10,8,40,2,image,17,6,1698,4416,1
1921,63,1,0,2,21,image,16,3,746,2563,0
3027,101,4,4,11,30,image,8,0,939,4357,1
7411,497,32,21,38,5,reel,15,3,2131,7121,1
91599,5005,373,192,348,15,reel,11,3,781,117236,2
207271,767,35,18,31,7,image,12,3,303,73802,2
18154,456,15,17,16,0,image,5,2,847,3759,0
4113,181,11,5,14,13,image,6,3,3326,4113,1
719944,12006,735,438,1007,10,video,2,5,3439,386476,2
3753,245,14,3,16,27,image,3,5,229,5540,1
2898,97,4,4,5,15,image,8,4,995,3239,0
1000,40,2,0,1,19,video,4,5,2940,2924,0
100003,717,17,14,38,29,video,11,0,1646,22058,2
46297,652,22,16,61,16,image,17,0,798,21367,2
629102,31270,2364,622,2643,21,video,3,4,2499,527201,2
1000,25,0,1,1,16,image,5,2,2394,1912,0
111826,4235,161,151,429,18,image,3,3,2367,93570,2
9193,177,5,8,7,6,video,19,5,1426,12758,2
34578,1228,34,58,124,29,video,2,4,2821,27974,2
1000,55,4,1,4,9,image,22,3,904,1285,0
113839,9384,258,394,887,9,image,21,0,1402,103527,2
33380,1572,77,72,58,10,image,9,6,3290,21245,2
7554,445,31,7,43,11,reel,16,3,1233,8070,1
25879,823,16,17,78,10,image,4,2,468,8095,1
2042,24,0,0,1,23,reel,3,3,1850,3345,0
2855,219,8,7,9,22,reel,15,6,2476,7505,1
3518,93,2,3,9,18,video,15,1,2328,2799,0
1000,89,2,2,6,9,reel,7,0,962,2701,0
38221,630,34,27,55,6,image,11,4,3631,11098,1
69207,5099,154,184,157,21,image,12,5,2708,56138,2
2292,54,3,1,2,23,image,13,6,2156,3108,0
15165,600,44,22,58,12,video,6,5,2712,13022,2
5024,156,5,6,7,8,reel,19,0,2809,8219,1
14630,277,9,6,10,14,image,14,4,2113,7366,1
2618,125,2,3,5,17,image,11,1,3377,2586,0
1652,38,0,1,3,1,image,12,0,1067,1016,0
53837,2243,98,60,137,26,image,6,2,42,48958,2
7223,303,14,5,23,22,video,8,6,2152,8932,1
308598,27668,856,1222,2268,8,video,18,3,949,399532,2
8807,300,11,5,19,25,reel,3,1,3013,12048,1
1530,135,3,2,5,23,image,3,5,41,3822,0
73754,6630,403,296,352,15,video,4,6,2876,109279,2
25221,1293,56,46,57,26,image,22,4,3301,11552,1
29982,2466,157,67,275,6,video,19,2,3386,46832,2
69084,920,48,23,88,9,reel,22,3,1432,65006,2
2502,8,0,0,0,30,video,7,2,2989,4250,1
6444,467,26,5,48,6,image,8,6,2130,5414,1
5951,92,1,4,2,26,image,6,1,111,3684,0
1000,60,3,0,5,26,reel,18,2,1780,4992,1
5041,82,3,1,6,11,video,18,0,2625,2828,0
89812,1091,55,43,108,14,reel,22,5,2757,61132,2
12421,222,11,10,25,29,image,6,2,1402,8280,1
1000,14,0,0,0,9,image,22,5,1363,1654,0
1000,69,4,1,5,11,image,22,1,2372,1397,0
162201,9189,244,191,527,0,video,2,0,74,150428,2
6887,288,14,13,31,11,image,8,3,3111,5181,1
2526,35,0,1,1,6,image,4,0,1329,2121,0
4948,122,4,5,7,6,image,23,4,2144,1744,0
1000,40,1,1,4,15,image,11,6,1733,1656,0
104984,1601,89,65,62,23,image,0,6,1477,38650,2
3993,93,5,4,6,25,video,13,2,1498,6300,1
94970,2973,207,72,244,11,reel,4,1,2843,78398,2
8892,339,17,7,27,15,image,8,4,1018,6550,1
106208,3647,235,42,148,2,reel,13,0,3471,46549,2
12862,91,6,3,3,8,reel,1,0,379,6859,1
37639,1372,38,26,92,9,video,21,3,1550,43747,2
29565,2079,131,41,147,28,reel,10,5,131,49728,2
24882,1377,54,48,158,26,video,15,5,1458,13933,2
15157,190,6,7,18,11,image,6,2,3328,11608,1
5328,265,20,6,22,5,image,18,0,2059,3042,0
254684,984,31,47,48,5,image,10,4,268,121363,2
1583,48,3,0,5,15,image,12,5,2498,1766,0
8166,130,9,4,6,29,reel,6,0,1467,13107,2
8323,65,4,2,7,18,reel,4,2,473,12955,2
16720,480,26,16,55,12,video,10,0,313,9607,1
3740,327,18,11,38,25,video,7,3,1622,7259,1
14278,647,28,22,35,14,reel,14,5,432,22093,2
5979,177,7,7,7,6,reel,14,3,2383,6592,1
1000,12,0,0,1,25,image,8,3,2374,2611,0
8243,861,37,42,58,28,reel,3,1,3218,17077,2
1117,8,0,0,0,8,video,5,5,3375,1114,0
1000,76,6,2,6,30,image,6,5,3408,3332,0
10366,228,9,8,20,16,image,9,1,1290,4975,1
19500,872,60,22,52,7,reel,18,5,952,20044,2
20911,515,18,18,30,26,image,6,2,2729,11735,1
22491,492,10,5,41,4,reel,17,6,1567,13558,2
1000,73,4,1,2,7,reel,1,5,2856,1766,0
1000,50,2,2,4,11,image,15,5,3025,1745,0
282755,7909,531,292,806,27,image,15,4,2348,66919,2
1230,14,0,0,1,29,video,19,2,1736,4046,1
24331,2762,66,85,270,5,image,15,4,3175,24264,2
2353,150,10,3,11,0,video,7,4,1871,2509,0
9352,836,40,35,90,26,reel,7,1,705,15578,2
2591,22,1,0,1,16,video,19,3,429,5078,1
22265,531,17,18,53,12,image,23,3,302,15921,2
10365,145,10,5,5,0,reel,12,6,411,8714,1
3615,137,10,4,12,16,reel,18,5,1681,6412,1
1223,106,5,2,3,4,reel,23,5,2166,2181,0
13121,889,29,37,28,17,image,21,1,1963,10512,1
1000,75,5,3,5,4,image,0,4,1352,861,0
17491,468,34,11,19,6,video,11,2,1377,9342,1
915909,46674,2393,964,2765,3,image,14,1,1923,376365,2
92070,2978,171,108,296,5,video,12,0,3368,42647,2
29525,959,44,23,76,21,reel,14,3,2657,17512,2
6945,118,3,2,11,22,reel,16,6,476,11620,1
1000,18,1,0,1,14,image,5,4,1026,1513,0
1000,29,1,0,2,25,reel,14,6,3408,4467,1
81554,4759,251,205,564,29,video,16,4,3156,64587,2
1955,93,6,4,4,4,video,16,0,1559,1704,0
2301,13,0,0,0,7,image,14,5,957,1731,0
6013,119,8,1,6,23,image,10,5,3047,6119,1
1197,101,3,2,9,18,reel,8,5,3037,4121,1
1000,15,1,0,0,10,video,3,3,1398,2035,0
7399,460,14,16,33,17,reel,18,3,361,12114,1
1628,99,2,3,8,18,image,19,6,1869,3658,0
2134,46,2,2,4,18,image,23,6,2268,2094,0
1985,175,4,4,18,16,image,9,3,2521,3107,0
20748,540,16,7,27,0,video,5,5,3313,9939,1
5335,292,18,9,15,23,video,14,1,1745,7950,1
5875,357,13,8,32,5,image,14,4,3328,3200,0
23730,1112,75,19,119,16,image,8,5,3194,22958,2
6274,255,7,6,11,16,image,8,6,189,7270,1
4910,195,8,3,18,2,image,11,6,1974,2376,0
18897,1545,66,27,79,8,image,10,1,565,8411,1
26977,2058,100,60,95,8,reel,15,3,95,33483,2
6218,440,19,18,26,6,image,17,3,173,5824,1
9368,402,17,18,40,12,image,13,2,2921,4748,1
1983,42,1,0,4,9,reel,16,0,3159,2664,0
1721,21,0,0,1,17,reel,3,5,1819,4895,1
32353,1142,65,49,107,1,video,7,5,3592,34435,2
18049,386,18,19,25,5,image,5,0,2468,6217,1
18389,701,29,30,34,15,image,19,2,198,18345,2
13433,708,23,21,74,10,image,4,5,1201,9564,1
8805,402,29,18,14,12,image,20,1,2423,6773,1
28382,839,28,32,93,1,reel,13,6,2560,15736,2
43616,2710,203,39,273,7,reel,4,0,2612,33647,2
41781,1942,64,25,184,9,image,9,2,2645,14140,2
6758,30,2,1,2,0,reel,1,6,2279,5384,1
98379,3766,170,176,387,15,video,5,0,3645,55888,2
12224,975,50,27,31,1,video,14,3,2191,13397,2
25292,230,8,8,19,29,image,1,0,1350,18147,2
13463,362,27,8,19,1,reel,12,1,711,4827,1
12639,1026,37,39,89,5,image,18,6,825,13051,2
2155,71,4,1,6,16,image,5,3,1598,2095,0
28636,1351,28,32,66,0,image,1,5,1774,18511,2
1358008,20884,1117,576,917,19,video,14,6,388,483787,2
4127,207,13,5,17,11,reel,9,2,2535,5353,1
9207,189,9,9,21,0,image,9,4,1460,4590,1
3629,320,18,14,28,18,image,10,6,1774,5063,1
3366,65,4,1,4,2,reel,14,3,2518,1280,0
130614,8755,437,185,999,18,video,10,6,3150,168032,2
2413,25,0,0,2,20,reel,7,0,2079,3785,0
3451,141,6,1,13,10,reel,3,6,3517,4057,1
1000,68,4,2,4,18,reel,23,2,2593,3236,0
2072,99,3,2,7,1,image,17,3,3578,1769,0
1000,63,3,0,3,26,image,15,1,1532,3049,0
25266,402,11,19,41,28,video,5,5,485,21717,2
1251001,41056,3112,1660,2283,5,image,0,1,912,719366,2
4187,179,10,3,16,15,image,15,0,911,3765,0
1000,24,1,0,2,12,video,21,0,1244,2248,0
40945,652,44,15,51,24,image,9,1,1096,22116,2
2189,101,6,3,4,6,video,2,4,1841,2276,0
84021,3867,99,111,124,12,image,12,4,3392,61741,2
4877,127,4,1,11,11,reel,23,1,432,5608,1
2598,178,8,5,8,25,image,10,0,2858,3056,0
5882,795,32,38,26,16,video,8,1,2085,7847,1
31697,949,37,37,57,24,image,22,0,469,19874,2
5381,52,2,1,4,2,image,5,2,2923,2825,0
3313,98,2,4,7,2,image,8,0,1617,2160,0
5665,460,12,19,20,29,image,5,1,2441,6569,1
1000,6,0,0,0,1,reel,3,3,3394,449,0
16558,269,6,3,18,20,image,21,2,572,13260,2
1000,49,2,0,3,4,reel,8,3,776,977,0
3643,162,4,6,17,16,image,19,1,695,3217,0
31789,1407,33,70,52,25,video,11,6,2034,38403,2
13981,613,43,19,47,14,video,17,0,3572,9835,1
23448,477,26,23,21,8,image,1,2,2525,8850,1
7207,316,23,11,14,5,image,13,1,2149,3034,0
66538,5550,438,74,471,12,image,22,3,264,40817,2
42807,902,50,42,81,29,image,23,3,1243,20453,2
18088,1132,76,49,95,17,image,4,5,1593,11376,1
43026,1480,43,46,167,14,reel,18,5,1801,36131,2
31280,2119,131,84,215,20,image,22,5,3354,29334,2
3673,192,10,4,9,16,reel,17,3,1303,5277,1
1000,61,3,2,5,13,reel,9,2,72,2413,0
17268,933,24,24,80,5,image,3,4,1558,16161,2
21654,4082,310,126,359,13,reel,13,5,2323,59014,2
57690,4765,214,168,326,8,reel,0,1,1415,52978,2
1502,157,10,1,18,10,image,16,6,3195,2103,0
1585,129,10,1,9,9,video,9,3,2924,1982,0
18542,287,20,3,28,2,reel,1,5,1586,19086,2
7128,442,17,14,32,16,reel,16,0,3318,9482,1
1000,28,1,0,2,4,reel,9,2,967,1334,0
15917,465,27,13,30,12,image,12,2,3383,8680,1
1000,20,1,0,0,27,image,6,5,2661,2701,0
1478,13,0,0,0,26,video,10,1,611,3118,0
92320,3964,234,165,314,30,image,4,5,1358,65625,2
216378,10662,795,405,430,4,video,4,5,2427,146167,2
1000,50,1,1,4,25,image,16,1,1240,2707,0
4478,55,1,0,5,25,image,19,6,2947,3760,0
8749,148,8,5,16,9,reel,3,4,973,9684,1
200027,11582,641,347,740,11,video,3,3,3346,164639,2
3337,194,14,7,12,5,video,13,0,3509,2142,0
3434,128,8,1,13,29,reel,13,3,398,6211,1
131624,6170,270,245,739,15,image,9,1,2728,88555,2
4127,217,12,10,7,8,video,23,2,2448,4333,1
29731,1559,111,68,55,2,image,23,0,531,17342,2
1000,48,1,2,1,15,video,15,5,2407,2133,0
5953,146,3,1,10,28,reel,21,0,1107,11373,1
1000,61,3,1,6,11,reel,10,3,2964,2558,0
1212,11,0,0,0,23,image,0,0,3276,2224,0
36701,396,30,12,36,10,reel,2,2,32,10154,1
7406,199,5,7,9,30,image,19,6,3034,8998,1
4562,63,2,2,2,19,video,3,1,3582,4964,1
2105,129,9,6,10,26,reel,4,1,1305,5462,1
5446,348,8,16,29,18,video,16,6,3585,6110,1
13932,483,9,9,26,12,reel,11,0,2597,17514,2
47536,1016,26,47,59,1,reel,5,6,2083,51328,2
1000,81,6,3,5,9,image,19,5,395,2000,0
1813,148,11,5,16,7,reel,17,2,1832,2952,0
10789,626,26,12,67,25,video,6,4,569,8466,1
6782,194,12,3,15,17,video,4,4,1076,4348,1
16748,1912,122,52,223,18,reel,17,4,3291,33338,2
13115,699,18,8,57,30,image,5,1,435,13067,2
4680,50,1,1,1,27,image,5,6,1997,4338,1
3139,242,17,3,17,20,reel,21,3,3576,8155,1
5208,223,6,6,24,10,image,20,4,523,4021,1
64070,957,49,33,85,3,reel,23,5,716,77340,2
2169,32,1,0,3,16,reel,10,4,1806,3711,0
7236,107,5,4,8,30,reel,17,3,1830,6171,1
11271,508,16,7,56,14,video,4,3,1710,12197,1
134407,5712,188,147,565,30,reel,23,4,836,166195,2
4719,103,2,3,10,5,image,1,3,3639,2080,0
45517,2146,170,71,255,1,image,20,5,417,35447,2
74426,1328,35,30,75,16,reel,14,5,82,26360,2
7224,125,5,4,10,11,reel,22,4,915,8646,1
5545,61,2,1,3,2,reel,16,2,2708,2601,0
4481,218,8,4,23,29,image,4,3,495,4508,1
5112,153,10,4,12,11,image,16,0,2768,3191,0
37708,2395,96,34,109,7,image,17,1,1458,27225,2
12281,922,53,44,62,16,image,11,2,2836,8700,1
12376,773,40,24,35,26,reel,14,4,810,10566,1
1069,53,3,0,3,4,video,9,2,2845,1429,0
1420,39,2,1,1,11,image,6,0,36,1455,0
383925,21849,722,848,2553,23,image,14,1,2599,309684,2
5883,331,21,9,27,20,image,12,1,114,4850,1
2009,19,1,0,2,5,image,0,4,1564,1118,0
106508,2754,206,82,125,0,reel,18,6,2585,161858,2
13457,704,54,13,45,22,reel,5,5,208,13963,2
22940,353,22,14,40,6,video,1,3,3373,9709,1
6320,298,14,14,27,0,image,6,1,3533,3042,0
4565,84,3,1,3,27,image,21,6,2530,5111,1
5971,87,6,0,9,21,video,18,3,906,4815,1
1000,43,3,1,2,14,video,10,5,2607,2506,0
6916,142,3,5,7,12,image,10,2,1135,2522,0
13806,285,15,5,27,27,image,10,2,2430,8945,1
226575,8308,230,403,780,24,reel,1,3,583,114526,2
9459,155,5,2,13,16,video,8,4,2260,4525,1
1000,34,1,1,1,17,image,21,0,1231,2506,0
6841,167,6,7,8,16,video,15,2,2155,6480,1
1122543,13513,850,227,824,11,video,9,6,1217,579777,2
38540,1370,33,41,90,15,image,23,4,1015,14833,2
1882,143,8,1,5,20,reel,1,0,1332,3915,0
23482,2279,125,81,206,20,image,20,4,3200,30097,2
2131,85,5,2,9,12,image,10,5,1491,2537,0
1000,20,0,0,2,25,video,12,5,2532,3753,0
4328,218,8,6,22,11,image,22,1,2448,2873,0
9554,244,15,5,11,22,video,22,1,2209,7729,1
1000,43,2,0,3,13,reel,19,5,3545,3586,0
1024,54,2,0,6,29,image,12,6,190,3720,0
8255,414,19,12,14,22,image,14,1,1921,7046,1
3886,196,15,9,9,22,image,21,1,3563,3760,0
16492,1045,41,42,56,19,image,18,5,3629,17637,2
1000,18,0,0,1,5,reel,7,5,1635,1600,0
29301,2465,190,121,285,28,image,12,6,229,33703,2
1000,41,2,0,3,21,image,19,4,1325,2956,0
155892,5510,188,274,444,0,video,19,6,1390,174291,2
1000,13,0,0,1,9,reel,7,5,1346,1747,0
1133,101,3,1,10,4,reel,20,6,139,1931,0
17175,1532,106,67,85,4,image,13,5,3375,12696,2
162043,7802,450,224,673,15,video,8,2,2192,79794,2
14286,294,14,13,33,24,image,11,0,1411,10061,1
22317,282,21,11,32,20,reel,10,3,3575,13838,2
8362,155,10,2,9,28,reel,1,1,3104,7678,1
1277,24,0,0,0,2,video,5,6,798,752,0
3353,95,5,2,10,19,video,3,2,692,5111,1
1000,32,2,1,3,9,video,16,6,2628,1978,0
1000,15,0,0,0,0,video,10,2,3202,414,0
16699,584,21,10,21,30,image,3,3,2793,13501,2
1073,22,0,0,1,3,reel,14,4,3014,1601,0
14403,505,39,15,44,10,reel,11,2,404,15401,2
1000,25,1,0,1,16,reel,16,4,643,2655,0
13814,377,19,10,19,11,image,23,0,1596,5395,1
3362,99,5,1,10,4,video,23,4,2168,3735,0
101916,3926,102,176,203,7,video,11,2,536,37129,2
14511,579,14,20,67,21,image,0,1,249,7391,1
74937,863,27,14,59,0,image,1,3,1305,12627,2
2079,43,1,1,2,1,image,3,0,2599,636,0
8964,276,20,8,31,8,video,0,5,2951,6208,1
1385,58,1,1,2,30,image,15,6,2990,3360,0
3848,188,6,3,7,4,image,22,2,1082,1571,0
5055,159,8,4,10,20,reel,18,2,1087,8471,1
2193,156,11,7,12,11,image,16,2,3409,3172,0
1000,32,0,0,2,15,image,7,5,597,1631,0
1000,38,1,1,4,7,image,17,0,2840,1156,0
1000,28,1,0,3,28,video,12,0,44,3453,0
1210,21,1,0,0,12,reel,8,0,983,2604,0
25071,1440,80,45,64,1,video,1,4,724,12504,2
1000,24,0,0,1,8,reel,12,5,1573,2333,0
1000,82,5,1,9,9,image,10,4,426,985,0
203539,4331,237,127,239,28,image,13,1,2266,64125,2
2576,120,8,3,7,0,reel,11,2,1625,3314,0
14441,291,22,13,14,9,image,18,6,2226,12604,2
25749,1447,92,54,169,5,image,21,5,2661,21118,2
26703,1635,35,75,71,5,image,12,0,2068,13738,2
1000,39,2,1,3,30,reel,8,1,1922,5043,1
5345,68,3,0,2,23,image,7,5,1392,6428,1
1000,48,1,2,4,29,reel,21,4,2412,5702,1
662232,9008,326,435,588,25,video,12,0,3448,169570,2
1000,20,0,0,1,26,image,23,1,553,2694,0
1228,130,9,4,4,17,image,16,4,348,2399,0
1245,43,2,1,1,16,image,13,5,2922,2169,0
1000,46,2,0,1,10,image,1,5,2322,1198,0
92472,1980,130,40,208,2,image,17,0,2127,33909,2
634381,18942,1062,250,1802,25,video,11,1,158,449568,2
3441,76,5,2,3,11,video,2,3,1609,3578,0
1000,25,0,0,1,20,image,8,3,2042,1972,0
1000,34,1,0,2,29,reel,10,6,2755,5752,1
5221,432,23,8,16,11,image,21,5,697,5060,1
4584,206,14,2,21,4,reel,15,1,2200,6354,1
2509,152,10,7,9,12,video,9,1,335,2517,0
12069,315,24,13,28,29,reel,23,0,2962,18031,2
16503,271,17,3,23,0,video,15,3,221,12224,2
14494,830,28,35,93,8,image,23,1,2089,14260,2
4586,161,5,6,15,1,reel,10,3,3490,3660,0
1115,77,3,3,2,23,reel,20,4,1299,4952,1
26862,706,41,31,31,4,reel,19,5,495,38828,2
8287,33,1,0,2,8,reel,17,3,2383,9162,1
40096,1930,46,37,74,7,image,22,2,1331,26086,2
33595,705,34,31,46,1,reel,13,5,2441,26454,2
1000,18,1,0,2,28,reel,2,4,1733,3985,0
1000,40,1,0,1,11,reel,9,4,1294,2433,0
2079,10,0,0,0,25,video,0,6,118,4593,1
1210,85,3,2,4,16,reel,6,6,1367,4017,1
31553,1116,59,32,36,1,video,16,4,3378,31254,2
15250,931,57,31,36,5,image,3,1,3614,9941,1
58602,1677,54,22,65,0,reel,15,0,85,59917,2
16542,464,29,13,26,7,image,15,4,740,11445,1
11796,189,11,4,22,18,reel,13,1,3330,8728,1
70228,3468,134,35,297,3,image,16,6,3037,64246,2
18873,205,15,6,8,11,image,10,2,145,9917,1
9159,262,17,6,9,0,video,15,1,1571,7253,1
116403,2319,118,63,272,24,video,17,2,1515,45985,2
9969,84,2,1,3,10,image,14,4,3594,6560,1
4685,158,7,4,8,30,reel,16,2,2865,5375,1
1793,85,3,1,8,10,image,18,0,2823,1664,0
28722,650,23,6,51,15,reel,9,3,119,17619,2
75108,3499,205,144,176,15,image,21,3,2538,57640,2
7397,200,15,7,17,5,image,7,6,2962,4384,1
85327,2389,68,74,151,22,image,1,0,1527,49165,2
1000,20,1,0,1,27,image,23,5,1733,3405,0
7333,495,28,11,19,26,reel,20,2,947,14704,2
7538,152,9,2,16,13,image,9,0,1736,6451,1
2189,5,0,0,0,23,reel,5,0,1257,3804,0
591815,9054,385,376,275,12,reel,5,3,704,171353,2
7192,204,11,7,16,4,image,13,4,3623,2867,0
3889,179,6,7,11,21,reel,23,4,875,7886,1
8490,436,16,20,48,12,reel,7,5,709,13991,2
1000,4,0,0,0,11,image,16,1,2921,1193,0
2063,145,2,6,8,2,video,8,4,599,2620,0
47564,725,25,26,71,7,image,13,0,67,22588,2
2612,58,1,1,2,12,image,15,3,2153,2419,0
1822,49,1,1,2,22,image,18,6,1184,2741,0
85574,2283,98,65,226,12,image,17,4,2545,61458,2
90441,7318,192,94,688,5,image,5,5,1189,67015,2
20549,501,14,6,31,12,image,2,0,369,5721,1
3571,116,6,2,8,1,video,13,6,1010,1278,0
5265,232,13,4,18,14,reel,9,2,1478,6820,1
1905,25,1,0,2,15,image,6,5,1155,2471,0
1352,41,3,0,3,21,image,4,2,2190,2134,0
1236,68,4,3,5,1,image,20,4,473,837,0
2663,151,9,2,15,19,image,2,3,2384,3107,0
1258,112,4,5,6,24,video,3,5,633,3939,0
1000,30,0,0,2,25,video,8,6,2209,3815,0
12027,590,45,10,54,30,image,5,3,2047,10528,1
12360,718,55,11,47,21,video,1,0,620,8384,1
173065,6138,308,110,448,29,image,5,1,2063,122906,2
2433,103,5,2,4,10,image,8,2,3537,2054,0
13807,559,11,10,47,4,video,10,0,3396,5274,1
14226,650,18,28,56,0,video,12,3,2766,12859,2
5131,310,16,7,33,28,video,3,4,1957,5588,1
30939,3119,96,96,117,3,reel,23,3,2822,41231,2
32709,813,39,24,90,3,image,13,1,1615,20663,2
14608,199,13,7,7,22,reel,9,2,1151,18456,2
5114,151,10,7,14,10,reel,17,5,374,5072,1
4257,58,4,1,4,15,image,22,0,1784,3275,0
1000,60,2,1,3,2,reel,0,3,2695,1461,0
1899,50,2,2,5,13,image,12,5,3142,3050,0
2644,60,3,2,4,25,reel,21,6,1645,4827,1
1071,55,3,2,1,17,reel,5,3,2534,2865,0
17887,1235,98,51,94,6,image,20,2,2778,10781,1
69837,3260,119,85,254,4,image,14,4,900,20851,2
1580,103,2,3,9,20,video,1,2,730,3856,0
13496,88,3,2,5,21,image,20,5,2066,4727,1
1259,56,2,1,2,23,video,1,1,2257,3185,0
4680,101,4,4,6,3,image,17,2,199,1825,0
2338,83,3,2,6,11,video,13,2,2652,2076,0
23942,1543,54,48,121,1,image,19,5,1773,16248,2
2387,105,4,4,11,24,reel,7,3,1339,6499,1
50060,1816,111,33,98,7,video,2,5,1720,22208,2
5206,119,3,4,9,10,video,11,0,1767,6043,1
2516,25,1,1,2,17,reel,17,5,2638,3108,0
1000,14,0,0,0,4,reel,13,5,263,1671,0
12781,79,2,1,5,23,video,2,0,3094,3893,0
40594,838,17,9,100,14,image,15,0,1008,25677,2
13252,142,3,1,6,17,image,9,3,3144,6064,1
455839,29399,747,855,2399,22,video,17,6,625,479689,2
106257,8600,504,327,544,20,image,22,5,1332,113375,2
4658,331,25,8,11,1,reel,20,2,1386,4754,1
4571,120,3,4,11,3,image,23,6,668,1446,0
18872,1146,42,20,54,24,image,14,3,352,12821,2
1792,9,0,0,0,27,video,17,4,35,4085,1
66126,2074,104,50,140,7,video,2,6,3030,63757,2
15535,461,21,17,19,0,image,4,1,452,5716,1
12856,387,18,5,20,21,reel,3,5,2686,9273,1
27903,595,15,25,62,30,reel,17,2,91,20333,2
180068,3715,123,114,236,3,image,14,1,3164,102473,2
11022,830,64,40,44,2,reel,22,2,933,8646,1
6611,300,17,7,15,12,video,17,2,3461,6250,1
122479,910,33,40,75,19,image,20,4,1739,67350,2
46239,1765,135,46,93,14,reel,18,1,2072,49643,2
4547,113,4,1,12,14,reel,15,4,1759,5074,1
8179,413,11,15,14,14,video,12,4,2728,6700,1
11518,1141,88,19,50,30,image,3,5,815,13423,2
15541,266,15,11,18,8,image,14,4,1804,6904,1
1000,10,0,0,0,2,image,12,4,925,666,0
1000,25,0,1,2,16,video,23,6,2875,2761,0
1640,41,1,1,4,14,video,21,4,3135,3183,0
1427,12,0,0,1,8,reel,8,1,1973,2512,0
2543,143,4,5,15,29,image,4,5,2286,4532,1
25399,553,40,20,56,5,video,5,0,2696,9457,1
5978,207,13,7,9,4,video,11,2,1501,4347,1
11539,420,17,15,15,4,reel,23,1,1025,6909,1
1000,119,8,3,10,29,reel,20,5,3461,6157,1
3529,119,8,5,14,27,reel,22,6,2517,7562,1
23319,1220,87,26,127,29,image,5,2,118,21048,2
23645,1589,70,27,135,4,reel,0,6,2124,34063,2
2199,162,8,6,6,0,reel,16,6,1654,2549,0
10839,983,37,31,98,12,image,9,2,934,9785,1
424185,18558,515,854,1697,14,video,11,1,2887,491512,2
7850,198,14,9,22,7,video,17,3,2512,7571,1
2326,76,5,3,7,19,video,23,6,1708,3956,0
5926,268,6,8,10,19,reel,4,5,1370,8144,1
9565,234,14,9,19,20,reel,14,5,838,7242,1
6172,29,2,0,1,10,image,0,3,2307,1767,0
7658,138,7,1,9,0,image,12,2,3126,1433,0
1000,60,1,2,5,8,image,0,6,2413,1352,0
1432,56,1,2,6,5,reel,19,3,70,1647,0
6193,290,14,2,28,30,image,13,5,2460,7785,1
6018,76,5,3,2,26,video,6,5,1615,8357,1
2924,30,1,1,1,30,video,5,5,2505,4764,1
5892,126,5,2,7,23,image,15,6,1404,3031,0
9043,429,29,4,39,4,image,6,4,1541,4275,1
40172,2959,201,133,257,14,reel,9,3,1662,62393,2
6777,89,6,1,6,21,image,0,1,2291,6377,1
16620,769,54,14,52,2,image,8,0,3075,14712,2
3056,162,9,5,16,27,image,17,1,3313,5249,1
22692,2287,174,97,88,26,image,1,6,670,18155,2
15935,542,30,22,45,30,image,20,6,276,16413,2
38502,567,31,21,58,9,image,6,3,3046,10038,1
29267,1028,21,44,56,9,image,17,1,2865,10852,1
23382,1384,65,51,66,19,image,3,0,1037,17511,2
6787,589,13,20,53,24,video,3,1,496,10984,1
12592,230,17,3,10,8,image,20,1,485,6951,1
54957,3891,80,107,287,10,image,22,5,1715,28336,2
2505,113,4,3,12,10,reel,6,5,1053,5303,1
2614,174,13,1,6,19,video,23,0,624,3609,0
11232,378,25,9,42,3,reel,19,0,2969,14116,2
17111,2802,183,53,132,15,reel,6,5,2863,38069,2
1838,58,3,0,4,7,image,19,0,1946,1294,0
7082,70,1,2,2,21,video,23,4,164,5217,1
6841,282,10,5,26,23,reel,7,3,535,6058,1
1000,48,3,0,5,28,image,10,0,2568,2982,0
5457,160,11,6,9,11,image,6,4,1388,4426,1
6104,187,7,7,21,3,image,1,1,1483,2256,0
6072,464,16,16,44,7,reel,22,1,2980,8788,1
103636,10489,358,184,1226,6,image,13,2,989,75072,2
1000,19,1,0,1,0,reel,4,6,3571,867,0
1836,43,1,1,3,18,video,12,1,3507,2685,0
1000,41,0,0,4,20,video,18,1,2188,3133,0
3409,179,7,2,17,11,image,20,1,1087,2809,0
3975,358,19,9,38,8,image,18,6,3609,5707,1
3235,75,4,2,4,17,image,8,5,796,2372,0
59505,3223,130,51,145,4,reel,22,6,3164,53497,2
38143,1273,49,22,111,24,reel,18,6,1592,25951,2
9322,407,15,12,21,7,video,10,3,3143,6911,1
4158,303,17,9,20,21,image,18,1,1124,5328,1
51387,2130,78,67,227,20,video,23,2,2621,56269,2
7819,96,7,4,8,23,image,0,4,2665,4453,1
1857,123,4,1,14,16,reel,14,5,1380,5997,1
1000,15,1,0,0,4,image,16,3,139,622,0
3661,97,3,2,5,1,reel,20,0,1110,3988,0
31519,2142,124,85,105,0,video,11,2,2535,22711,2
487853,22451,1390,884,2646,4,video,8,3,2897,522339,2
9053,131,3,4,8,27,image,4,6,1558,5474,1
2043,77,3,2,8,3,video,9,4,3262,1307,0
1000,31,0,1,1,13,image,10,0,2868,1146,0
21884,380,19,15,21,15,image,19,3,398,15760,2
1000,57,4,0,5,19,image,20,6,1239,2733,0
21820,1321,73,32,113,3,image,12,2,1926,17931,2
35308,1403,87,61,108,2,image,16,2,95,20890,2
17770,903,33,28,62,26,reel,17,0,1023,29456,2
5456,310,14,4,22,21,reel,15,3,2793,7392,1
22401,1517,97,73,159,18,image,18,1,3122,15279,2
11022,635,17,31,27,3,image,1,6,509,6438,1
1996,125,3,3,4,21,image,11,1,2191,2948,0
226554,8988,300,281,274,24,reel,16,4,1760,244944,2
4302,15,0,0,1,26,reel,12,4,3121,7095,1
32740,140,10,4,14,1,reel,18,5,3046,12407,2
1000,51,1,2,4,17,reel,7,2,3478,3328,0
80631,4099,107,82,488,2,reel,22,0,3379,46692,2
113979,8634,244,191,732,10,image,2,1,2705,103843,2
8550,1059,34,48,80,10,image,19,3,920,9103,1
22154,861,36,21,70,4,reel,17,2,933,29776,2
22144,497,15,24,54,6,image,1,2,3064,9144,1
2547,33,0,0,1,28,image,5,0,2561,3656,0
21694,1127,31,11,81,30,reel,22,2,2840,27955,2
1890,57,3,2,3,16,reel,16,3,1049,3819,0
2708,68,3,1,7,13,image,19,1,3374,3216,0
61604,1954,126,73,91,30,video,20,5,646,63995,2
46834,1911,58,22,61,14,image,0,4,2981,20924,2
2272,102,3,4,8,13,image,20,2,1245,2408,0
2163,48,3,0,4,1,image,17,3,354,1199,0
2534,53,1,2,3,4,reel,5,5,3005,2119,0
30295,1055,48,51,82,15,image,7,0,3449,20607,2
1339,64,2,0,5,9,reel,9,2,3544,2559,0
15399,685,14,16,42,1,image,14,5,119,7035,1
31080,1093,58,42,74,22,image,6,5,1673,10691,1
6912,55,2,2,2,19,image,6,1,1274,3789,0
49916,973,38,23,96,1,reel,12,4,1245,26352,2
4685,86,4,4,5,30,reel,17,4,1439,5346,1
5514,236,10,10,20,7,image,10,4,98,3566,0
1395,201,9,7,13,10,video,4,6,1787,3010,0
50560,2258,160,57,100,5,image,2,1,299,18830,2
2039,89,5,2,8,25,image,20,2,881,3183,0
15208,432,15,16,29,29,image,11,3,2634,5404,1
7126,207,7,7,9,29,image,1,4,478,8169,1
1218,14,0,0,1,3,reel,8,4,2470,1371,0
2707,72,2,2,7,30,video,0,6,3060,4467,1
97652,8605,640,373,821,1,reel,4,1,3571,133055,2
11649,631,44,18,51,23,reel,3,4,2354,17536,2
1317,47,1,1,4,20,reel,22,1,3223,3329,0
14038,882,60,20,55,26,image,9,6,1749,14302,2
6229,75,2,1,4,16,image,4,0,3299,5407,1
4062396,89993,1934,1137,7495,10,image,15,0,2834,3135423,2
13537,566,43,14,54,20,image,23,6,3352,6699,1
4084,168,11,5,12,18,image,11,2,3343,3745,0
104406,2720,134,109,300,5,image,4,2,2524,46027,2
1000,110,7,1,7,20,video,11,4,840,2842,0
9602,328,8,7,20,21,image,14,0,200,7998,1
293599,7770,500,328,530,6,video,20,3,1199,344114,2
6573,350,27,5,32,19,image,3,2,1104,5877,1
1000,35,2,1,1,9,image,13,1,3413,1079,0
3973,367,16,12,22,16,image,1,1,166,2763,0
111094,1142,46,54,110,11,video,12,2,1999,41075,2
15945,296,21,11,23,20,reel,0,3,3607,15738,2
1790,176,6,8,10,2,reel,10,5,1048,2329,0
2360,73,5,2,6,5,reel,11,1,2127,3045,0
2958,118,4,2,13,14,image,23,5,602,3552,0
15524,639,17,26,48,20,reel,4,1,1552,12931,2
90106,1259,42,23,121,24,reel,5,4,3610,105249,2
53871,1196,61,38,57,5,reel,13,2,2462,47525,2
18413,714,19,17,51,20,image,3,6,1967,11831,1
1000,9,0,0,0,30,reel,1,4,3541,4326,1
1000,18,1,0,2,19,video,11,3,3152,2067,0
21159,1364,34,60,67,1,image,5,0,1033,18331,2
1000,17,0,0,1,18,image,16,5,2332,2090,0
5399,270,11,13,18,11,image,2,6,2382,6144,1
14009,360,21,15,26,0,reel,0,0,1636,8178,1
1045,12,0,0,0,12,reel,5,3,691,2349,0
1282,53,3,0,2,0,video,20,6,3137,1237,0
6840,338,14,8,17,3,image,13,4,615,3534,0
20061,324,16,4,20,5,image,6,6,1320,5231,1
54761,3100,86,107,300,6,image,14,5,928,44765,2
24165,538,26,7,50,28,video,15,6,2812,26185,2
9251,386,10,10,46,7,image,10,2,385,7684,1
2115,161,8,5,6,26,video,4,6,1671,5637,1
1178,41,1,1,4,5,image,8,1,3084,831,0
3230,191,12,8,9,17,image,20,5,3279,4812,1
16947,187,8,3,14,10,image,16,3,780,6291,1
14852,151,8,4,7,11,image,8,0,1852,5659,1
1000,14,0,0,1,16,reel,21,4,1799,3271,0
1969,46,2,1,3,29,video,4,6,1209,4558,1
70835,4907,380,141,354,21,video,4,6,2934,89902,2
9344,280,13,13,16,2,image,0,1,2657,4812,1
1000,30,0,0,2,28,reel,2,5,329,4865,1
562686,7840,440,349,313,3,image,7,6,3144,180522,2
7691,660,18,31,60,14,image,1,6,1356,7501,1
16184,370,17,7,30,19,video,9,3,3111,6716,1
16633,192,4,7,7,17,image,1,6,2800,4597,1
4181,130,6,4,5,16,reel,0,1,1762,5405,1
2187,117,8,5,6,21,reel,13,3,2472,6316,1
369170,15075,423,503,1094,30,video,13,2,1623,414290,2
49304,2344,116,97,117,6,image,19,2,2850,47373,2
35578,1199,42,28,50,24,image,10,1,570,16086,2
22864,789,28,27,30,0,reel,20,4,2220,29755,2
1331,60,3,2,3,29,image,11,5,172,3620,0
80785,1866,121,90,161,12,reel,6,5,2643,31979,2
1776,98,7,1,8,22,reel,3,5,3403,4875,1
13492,203,7,2,11,7,image,11,0,2783,5068,1
1000,35,0,1,2,28,image,9,2,2656,3432,0
1000,85,3,2,7,16,image,12,4,2994,2016,0
14370,669,36,7,41,21,image,23,2,2118,13733,2
1888,87,5,2,10,6,reel,1,1,2253,1861,0
1000,22,1,1,2,16,video,8,1,2142,2411,0
21441,702,50,34,57,23,video,3,3,1739,16752,2
368113,4201,91,96,314,17,image,19,2,114,96753,2
98835,4659,367,192,346,5,image,12,4,323,83944,2
5099,206,16,5,11,27,image,2,4,1673,4724,1
8233,523,11,13,19,7,reel,19,1,1018,11403,1
40049,417,16,16,43,3,video,2,4,3366,11914,1
61073,1826,120,37,203,19,image,18,4,3597,47503,2
4366,235,11,6,27,17,reel,23,0,1703,7637,1
8617,462,9,9,30,14,image,12,5,2553,9022,1
13920,505,20,7,58,12,video,15,5,2133,11903,1
21959,416,22,10,38,0,reel,0,6,934,23512,2
6377,166,12,8,11,20,video,15,6,1395,6479,1
6527,392,27,10,44,6,reel,3,1,1422,4986,1
97119,5913,453,220,692,18,reel,10,5,410,132773,2
71477,4223,203,90,329,27,image,12,6,97,36379,2
19136,1456,98,64,145,12,video,18,0,1201,19048,2
178866,4416,115,154,441,17,reel,18,4,3296,240124,2
4041,163,8,7,13,21,image,22,5,338,5910,1
150444,2104,157,48,143,18,reel,18,0,1914,145036,2
21515,1083,76,34,45,16,reel,1,0,2125,18608,2
2922199,10424,618,183,1248,14,image,16,2,2441,1631671,2
1000,17,0,0,0,5,image,4,0,3584,750,0
2342,103,3,3,4,20,image,22,1,1444,3338,0
17220,1452,88,61,92,19,image,20,1,1343,11850,1
16564,536,21,9,35,12,video,7,1,1874,10370,1
271101,12227,486,466,660,0,video,1,3,3138,170469,2
2433,87,6,3,3,0,image,21,6,2153,1556,0
41309,2200,46,64,244,25,video,8,5,184,41512,2
65672,1421,61,57,108,3,image,20,0,1652,54709,2
28806,1131,38,38,132,28,reel,1,5,1858,31018,2
1436,83,1,3,9,1,reel,6,5,3216,1317,0
102126,5617,185,227,418,2,image,9,2,2399,88105,2
74071,4013,124,182,260,6,image,3,2,2488,63803,2
23843,680,34,16,36,7,reel,10,3,1185,18502,2
11705,419,19,17,50,9,image,22,6,2662,9304,1
12173,275,13,13,23,3,reel,4,1,386,5119,1
7032,126,9,2,13,3,image,10,3,739,4469,1
25678,206,10,6,24,23,image,1,6,819,18045,2
8570,310,18,13,15,28,video,15,4,1726,8553,1
1759,57,3,1,6,2,image,10,1,283,1432,0
1227,45,2,1,4,19,reel,12,5,1906,3726,0
2092,134,5,5,9,16,reel,12,1,3246,3545,0
12086,581,43,24,67,21,video,15,1,1467,7710,1
7719,417,19,7,34,12,image,17,6,46,4079,1
11939,224,12,5,14,7,reel,23,5,1025,16529,2
19959,1581,84,40,70,23,reel,17,1,281,37251,2
2619,20,1,0,1,20,image,20,5,2335,2862,0
113344,8445,439,115,841,19,image,1,1,2911,70635,2
5004,28,1,1,1,4,image,2,2,1074,3842,0
3713,371,17,16,23,16,image,10,6,1115,4765,1
19308,1080,72,51,37,28,reel,3,2,1195,29483,2
1000,48,1,2,3,15,reel,20,0,1350,2906,0
1952,87,6,4,7,27,reel,20,6,2551,5267,1
47378,1581,111,21,168,24,video,14,0,1140,28284,2
1000,4,0,0,0,11,reel,11,6,1416,2578,0
60574,2835,110,37,115,14,image,20,3,3255,62635,2
123013,5152,382,191,169,9,image,13,1,2791,81833,2
4167,311,11,15,35,13,video,22,2,3392,3862,0
13701,570,22,6,43,5,image,19,0,1323,8713,1
60739,1669,55,51,87,0,reel,8,6,3393,82754,2
3497,22,0,0,0,22,reel,15,6,1111,4700,1
38638,1140,55,18,44,8,image,3,5,1142,19744,2
2420,71,4,3,6,27,image,1,1,3480,2847,0
3430,152,9,3,11,11,image,2,3,755,3221,0
1922,51,1,1,4,20,image,23,4,2993,2365,0
15014,954,49,46,51,17,video,3,0,3028,12512,2
65143,2497,99,49,173,7,reel,4,4,3383,68045,2
5817,177,10,4,15,20,image,16,1,3104,5245,1
1000,46,2,1,2,13,reel,4,5,3012,2024,0
1154,35,2,1,1,29,reel,2,6,1312,5245,1
16486,1113,77,37,47,11,image,16,2,2044,11625,1
224001,8987,557,261,845,8,image,22,1,2122,89471,2
16460,641,32,13,52,0,image,3,2,1088,5776,1
4038,125,6,2,8,16,video,15,0,1444,4030,1
32180,368,17,16,29,15,reel,12,1,3110,18176,2
5265,77,5,1,3,23,video,22,1,84,5468,1
4101,137,10,6,14,5,reel,22,0,310,4042,1
1443,58,4,0,5,9,video,13,5,1517,2648,0
102253,2350,131,106,108,7,image,21,3,2824,62472,2
1000,39,2,1,4,17,image,4,6,3270,2297,0
34069,398,17,4,26,8,reel,14,2,2505,34624,2
3516,82,1,2,5,12,image,4,1,3136,2511,0
3871,175,10,7,13,28,reel,0,3,568,6610,1
170444,7022,533,243,711,12,image,18,1,405,91325,2
2240,74,5,3,3,30,image,13,5,1852,3612,0
2382,81,5,1,4,1,video,0,5,1141,1429,0
6407,113,4,5,12,14,video,19,4,3213,4038,1
17067,1113,69,35,127,0,reel,21,1,297,15238,2
3657,222,12,5,22,17,image,9,5,1351,3457,0
1000,37,1,1,1,9,image,0,2,1109,1028,0
1705,22,0,0,1,5,video,7,6,2178,2218,0
81340,2256,123,63,158,28,video,14,2,1107,23141,2
9270,793,30,12,29,20,image,1,4,3437,7481,1
18250,220,13,9,8,5,image,9,2,222,11832,1
5061,170,13,4,18,22,video,5,6,292,6655,1
2472,7,0,0,0,1,video,14,0,3271,1969,0
165980,9002,320,417,489,15,image,4,6,1936,126855,2
5774,387,18,17,16,19,reel,18,5,3071,10687,1
3647,83,4,3,6,4,image,7,0,1695,1146,0
58282,2831,179,31,278,29,image,2,1,3391,49593,2
2207,99,2,4,5,2,image,6,2,1746,1067,0
2778,76,3,1,7,1,image,22,2,2725,861,0
8253,457,32,12,20,15,video,19,4,3634,11300,1
8107,356,7,16,22,23,image,14,4,2782,4724,1
12929,613,39,8,31,16,image,4,1,974,6356,1
349760,7453,542,114,528,3,image,9,5,2880,215843,2
14842,433,29,14,51,2,image,11,0,1422,5716,1
1000,24,1,0,2,4,image,23,4,2475,449,0
14579,264,17,6,12,30,image,7,5,2404,12394,2
8674,764,39,32,89,29,image,19,2,667,9742,1
8762,658,31,30,60,2,reel,6,2,1069,12276,2
12615,1003,21,49,71,21,image,3,0,673,7674,1
7695,338,7,5,38,25,image,18,0,276,7397,1
7370,212,12,7,20,17,video,2,3,1841,8143,1
24427,153,5,6,14,4,image,18,0,755,4945,1
3054,420,16,8,20,5,image,22,3,2530,3271,0
1471,61,4,1,2,21,image,3,6,886,2814,0
1872540,79235,2113,815,8549,17,image,14,2,137,671977,2
2233,70,2,1,6,5,image,3,4,564,1722,0
9703,355,21,5,36,1,image,11,4,2008,3137,0
1000,7,0,0,0,13,image,11,5,487,1926,0
9993,299,15,10,33,12,image,1,5,3242,9346,1
1510,65,1,0,4,30,image,4,4,2736,3078,0
3653,277,18,9,17,21,reel,13,0,486,7610,1
53162,2797,162,35,143,13,video,20,5,3139,39756,2
18951,1081,61,19,42,17,reel,6,5,1163,24236,2
22542,727,24,33,53,16,image,20,2,3276,9976,1
1000,38,2,1,2,20,video,4,4,3603,2761,0
221109,1250,47,51,50,18,reel,0,5,938,114131,2
1000,136,7,3,11,3,image,9,2,1220,1186,0
126932,4607,117,66,288,16,reel,0,1,547,63875,2
50959,2957,76,134,210,23,reel,0,4,134,41645,2
22907,1472,46,24,111,28,image,7,2,1893,25519,2
1738,125,4,2,7,29,image,14,4,2505,3796,0
10645,142,3,5,13,20,image,23,2,2030,4624,1
3471,131,3,4,9,28,video,14,5,3588,4942,1
8537,222,16,10,15,0,reel,16,1,446,11062,1
5167,244,12,12,16,2,video,16,2,865,4385,1
1000,20,1,0,0,5,image,12,3,3253,627,0
61035,1959,73,37,194,3,image,0,4,812,22433,2
7002,341,7,12,39,20,video,8,5,1342,10154,1
3385,131,10,2,5,15,video,4,3,1593,3842,0
2955,109,2,3,6,16,video,13,6,801,3468,0
15447,944,65,23,100,16,video,18,2,1970,19088,2
1621,52,3,2,4,15,reel,10,5,2901,3668,0
1000,13,0,0,0,26,video,13,0,2979,3141,0
16862,480,31,9,42,6,video,15,3,1693,9050,1
20627,394,25,5,44,11,video,0,6,3627,20764,2
5657,247,17,12,12,2,reel,17,6,1165,7648,1
1026,36,1,0,3,15,reel,17,0,2973,2820,0
9509,158,5,2,16,10,video,23,2,3208,8765,1
1000,59,3,1,2,6,reel,9,4,1083,1880,0
1275,15,0,0,1,17,reel,23,0,224,3287,0
2098,20,0,0,2,29,image,6,2,2876,3590,0
37015,785,44,17,75,23,reel,9,6,349,39317,2
4218,116,4,1,8,3,reel,18,5,2314,5951,1
3618,67,4,2,5,10,image,11,3,1811,3486,0
273333,2016,158,41,178,28,image,8,3,1807,97635,2
15282,845,20,36,37,6,image,13,2,2698,9346,1
14916,686,22,24,38,27,video,10,1,2328,11342,1
4165,251,12,7,9,27,reel,2,4,2219,7649,1
2769,172,3,8,10,1,image,20,1,1622,2861,0
1000,31,0,0,3,30,reel,18,5,2553,7162,1
46338,1639,121,28,179,24,reel,3,2,2319,60228,2
18159,972,22,32,61,15,video,5,5,2123,17307,2
5869,158,5,2,13,10,video,13,3,2698,2440,0
6329,534,24,11,44,14,video,10,6,465,9887,1
30487,655,13,30,47,6,image,2,4,79,16557,2
1000,22,1,1,2,24,image,8,6,158,2256,0
2802,267,18,7,11,12,image,23,5,2261,2833,0
1048,5,0,0,0,13,image,6,5,2753,1633,0
196558,3706,118,121,227,28,video,7,2,584,105245,2
39190,2066,151,27,242,1,reel,19,0,240,71073,2
1000,59,3,1,6,12,image,21,5,1248,1934,0
1000,24,1,0,2,18,video,4,4,2888,2896,0
6385,154,6,3,12,7,image,8,1,1636,3529,0
3462,123,6,2,10,5,image,20,0,2444,2975,0
1000,51,1,1,3,16,image,20,6,3550,2544,0
268490,22725,1067,742,1271,5,image,9,3,1898,173698,2
14222,1026,62,23,31,12,reel,18,0,1208,24035,2
19047,768,34,36,24,2,image,7,6,147,7731,1
2331,52,3,2,6,0,image,5,5,2996,1220,0
29735,2962,190,100,287,22,image,22,3,2743,33372,2
4085,30,1,0,2,5,reel,15,1,1250,4625,1
4865,50,2,1,5,0,image,18,1,2303,3033,0
24338,1234,38,46,104,0,reel,5,4,860,27233,2
1000,85,5,2,7,17,video,0,1,2450,2943,0
143580,6097,421,216,616,16,video,0,3,1601,129928,2
11251,423,10,6,17,18,image,16,0,763,8223,1
81283,1545,113,36,72,19,reel,7,4,355,28994,2
1169,68,5,3,5,20,reel,12,2,103,3724,0
1538,34,2,0,1,22,image,17,6,2996,2380,0
1000,21,0,0,1,26,image,18,4,284,2860,0
12714,261,15,11,27,6,image,4,4,1834,7253,1
9124,477,19,5,50,2,reel,13,3,475,10716,1
3512,133,5,6,7,24,reel,15,1,2519,5618,1
1305,26,0,1,1,2,image,13,5,1440,1032,0
1000,30,1,1,3,12,image,18,2,2918,1851,0
7425,84,4,3,9,19,image,8,1,356,4847,1
3504,169,7,7,9,1,reel,7,0,1510,3683,0
2358,112,4,1,12,30,image,7,3,1492,3737,0
131237,1183,52,44,129,28,image,2,2,1662,48318,2
6987,547,25,12,33,25,reel,1,0,1069,10648,1
79704,2589,125,116,162,21,image,14,2,948,41733,2
3103,95,2,2,10,24,video,23,6,3479,5018,1
12589,181,7,7,17,17,video,3,4,2616,7394,1
7333,550,13,9,47,23,reel,6,0,1682,10924,1
1000,36,2,0,4,1,video,0,6,3043,813,0
105980,5867,301,255,632,6,image,5,6,284,44252,2
6353,140,9,3,5,0,reel,3,1,2109,2840,0
31056,1846,84,57,138,3,reel,23,3,2492,22486,2
2092,67,1,2,7,17,image,6,5,169,3537,0
6022,526,19,8,21,23,video,22,3,2591,11585,1
1702,19,0,0,0,27,video,16,6,2606,3619,0
74966,2176,100,50,233,4,video,7,3,1941,49498,2
14193,120,8,5,11,20,image,7,4,2444,6518,1
15688,868,23,13,39,23,image,2,5,3453,14364,2
93407,4427,194,110,204,0,image,22,4,1270,46957,2
64952,2256,57,109,236,10,reel,19,0,821,69846,2
32132,1714,74,74,83,19,reel,17,5,1511,45563,2
1000,47,2,1,2,4,image,0,0,3471,716,0
2316,88,2,2,9,10,reel,23,2,1823,2586,0
1330,63,1,2,6,14,image,5,0,3391,1955,0
30018,322,20,15,21,3,image,15,6,2893,6369,1
11016,816,36,38,70,2,image,13,4,453,10730,1
1000,35,1,1,2,25,image,0,2,2494,2196,0
5769,231,14,9,12,2,reel,9,5,3210,2825,0
1000,74,1,3,8,17,image,3,0,1902,1890,0
7363,233,16,9,18,12,reel,4,1,1132,7507,1
1000,20,1,0,1,22,image,6,5,2946,2751,0
20991,315,13,5,21,27,image,0,6,237,13757,2
15999,203,9,8,15,5,image,16,2,3141,10290,1
251276,17773,779,455,993,29,video,17,4,323,213682,2
37278,1618,108,29,111,3,video,15,0,217,33673,2
3784,106,2,1,9,27,image,10,1,1901,3134,0
35331,1590,95,31,163,15,image,4,1,282,19523,2
1000,21,0,0,2,1,video,14,3,2637,1062,0
1433,53,3,1,1,16,image,16,2,1752,2023,0
14759,1004,79,36,78,27,reel,5,0,2707,25066,2
1000,37,1,1,2,18,image,6,1,2860,1875,0
7578,284,13,3,24,3,image,20,0,2888,4560,1
1291,8,0,0,0,23,reel,16,0,427,4113,1
9724,296,15,5,29,26,image,11,4,3103,10392,1
1164,49,1,2,2,20,image,7,1,3156,2590,0
17389,459,25,9,44,12,reel,5,0,1869,10873,1
8389,696,44,12,27,20,image,5,4,526,8481,1
100776,5042,386,81,209,10,image,21,5,2680,47501,2
8201,221,14,3,11,5,image,11,0,2548,2103,0
2031,70,3,2,4,26,reel,13,2,514,4703,1
5195,174,5,6,13,12,video,23,5,2938,5032,1
1000,6,0,0,0,23,reel,16,1,2499,3357,0
16832,729,42,20,63,18,reel,15,5,194,26437,2
23429,1347,77,47,55,27,reel,5,4,2239,23842,2
690073,7155,503,350,550,16,image,8,5,3103,122971,2
2645,145,6,5,7,9,reel,1,5,3488,4900,1
5003,344,10,14,21,9,reel,12,1,3077,7343,1
2874,115,3,5,8,16,image,6,1,3143,2537,0
11870,313,15,7,13,29,video,10,4,558,13116,2
16107,906,35,11,58,5,image,10,5,120,6442,1
7360,144,4,5,14,4,image,0,0,786,4425,1
57261,1693,44,25,93,8,reel,12,4,3221,58416,2
2668,154,6,4,15,30,image,16,6,3145,5114,1
47815,549,22,21,27,19,image,19,4,328,34289,2
21360,738,57,23,72,24,image,4,0,3526,7688,1
7929,421,30,10,19,17,video,9,1,808,5390,1
4596,112,3,3,12,18,reel,12,1,1783,5080,1
639218,37112,2419,735,1626,19,reel,19,2,2238,1128910,2
1861,67,3,0,8,3,video,1,0,484,980,0
13853,210,15,5,10,19,reel,11,5,1408,17901,2
2099,168,9,2,15,17,image,18,6,1042,4503,1
201615,6480,208,318,372,25,image,0,2,1327,142634,2
39986,700,22,19,26,2,reel,0,0,1254,17755,2
2389,212,16,9,6,15,video,2,4,1666,3786,0
20387,1897,142,91,82,28,reel,7,0,2315,25673,2
12885,607,29,16,40,25,video,2,2,455,12947,2
3197,99,5,2,8,8,image,9,0,2643,2856,0
31719,742,39,33,54,22,video,7,4,453,27447,2
16329,756,49,8,65,12,image,18,6,2227,12385,2
11947,533,25,15,20,24,image,9,2,743,10468,1
7514,359,9,7,32,19,video,23,2,3253,9523,1
17604,404,15,16,40,14,video,3,3,1199,12319,2
12245,370,20,16,18,0,image,4,6,68,6671,1
9012,498,20,17,50,23,reel,19,4,393,18324,2
2555,27,1,0,1,16,reel,3,6,1441,4654,1
170890,5393,414,173,377,16,image,9,2,3505,122652,2
1223,26,0,0,2,22,image,14,5,1086,2597,0
17496,1007,73,35,92,28,image,21,6,1836,16861,2
4553,254,15,11,19,6,image,5,1,2751,4388,1
192371,3340,184,66,211,27,image,6,2,869,37068,2
1593,61,1,1,4,4,image,0,6,2495,1538,0
2157,37,1,0,2,19,image,9,3,1529,2077,0
1414,38,3,1,4,15,image,5,3,3255,1882,0
14504,597,35,27,62,23,image,6,4,2497,11600,1
1000,29,1,0,1,16,reel,5,3,1164,2340,0
3424,88,1,2,5,18,image,23,3,1668,2662,0
1000,24,0,1,1,13,image,13,4,3127,1453,0
12490,189,9,2,17,20,image,12,1,1373,4264,1
3293,330,19,14,15,9,reel,10,5,1979,4977,1
1000,33,2,1,3,9,image,14,5,3128,1092,0
57187,3968,188,166,344,12,reel,8,6,585,72186,2
1000,16,0,0,0,6,image,3,5,3076,1054,0
34013,1209,44,43,42,9,image,6,6,3032,10245,1
2294,18,0,0,1,2,image,7,3,1991,778,0
144759,8474,243,125,830,7,reel,6,2,875,196534,2
31231,1729,66,24,100,12,reel,3,4,540,24752,2
1320,13,0,0,0,14,image,20,0,2782,2067,0
1555,44,1,2,2,19,reel,10,2,1390,4143,1
24099,948,67,34,61,12,image,11,6,1974,21988,2
5052,79,6,1,6,19,video,21,0,355,3320,0
5974,217,5,7,10,13,reel,20,0,1894,6512,1
80019,7807,489,271,790,13,image,5,4,279,47489,2
2105,71,1,1,3,0,reel,23,3,1966,2339,0
9550,409,9,8,42,24,video,10,5,3077,9766,1
45176,1901,69,60,215,21,image,11,1,3562,34999,2
34766,1470,38,64,65,1,image,22,3,3089,18701,2
6079,61,3,0,6,1,reel,22,2,2147,3737,0
4817,99,6,4,9,22,reel,22,6,2719,8983,1
1000,43,2,1,4,6,reel,4,3,189,1564,0
1210,33,1,0,2,27,video,1,0,2503,3117,0
14372,1177,78,18,126,24,video,7,4,3491,20250,2
6322,375,24,11,27,12,image,6,4,578,4259,1
9273,157,11,3,7,30,video,15,6,1049,6061,1
52609,5787,356,101,692,16,image,3,2,3626,42875,2
1000,44,1,1,5,30,image,5,6,1732,3775,0
5296,31,1,0,1,1,video,19,2,2650,6065,1
11380,445,21,5,31,18,image,14,3,3010,8278,1
2281,157,4,3,18,25,video,19,2,3492,6461,1
106580,1944,133,33,154,8,reel,21,2,336,55521,2
41583,1237,92,58,92,25,reel,22,4,1327,38688,2
13660,1061,83,20,50,25,image,23,3,872,12357,2
204764,11253,392,340,762,24,image,16,6,2977,78948,2
1000,27,0,1,2,20,video,12,2,3205,2767,0
7991,179,4,2,16,2,image,15,4,3176,3316,0
15668,1538,104,42,108,30,image,17,3,454,15841,2
1562,14,0,0,1,27,reel,20,6,2459,6948,1
13922,1040,67,47,40,17,image,14,6,1900,10112,1
1105,28,2,1,2,12,image,13,2,2656,1242,0
28085,1914,64,25,57,16,image,10,3,703,24894,2
54399,2189,91,50,192,30,reel,19,2,498,70342,2
13229,606,40,14,63,1,reel,8,0,1311,10135,1
1000,87,3,2,8,14,reel,8,6,1308,3508,0
1421,53,2,2,2,6,video,14,4,2892,1820,0
22392,789,36,9,83,25,image,15,6,721,8546,1
8418,177,9,3,6,20,image,8,1,3502,2698,0
1000,76,6,2,2,28,image,0,2,92,2756,0
75894,2319,60,31,241,30,video,17,1,2108,27636,2
10362,297,14,8,13,3,image,2,2,1949,7812,1
1855,100,7,1,7,14,reel,3,5,1340,3070,0
48577,1724,70,75,197,28,image,2,5,433,40165,2
2393,92,5,1,4,0,image,17,1,320,1289,0
2346,17,1,0,1,27,image,18,0,1031,2976,0
15444,947,32,32,78,12,image,12,4,1483,7084,1
199959,5525,137,122,367,16,image,2,1,719,69751,2
150611,7781,190,187,555,3,reel,1,5,2977,158444,2
15482,627,15,19,41,10,image,13,0,3553,6299,1
18625,214,8,9,22,29,reel,20,2,2769,29006,2
33681,1780,49,50,183,28,reel,16,2,3024,45072,2
1000,43,1,1,2,4,image,13,3,1320,738,0
25834,790,51,26,73,17,image,12,5,3148,9919,1
2161,100,3,2,7,3,video,17,4,645,1271,0
14375,1549,75,60,150,30,reel,5,2,2208,27374,2
5380,74,2,0,2,14,reel,2,4,1998,7109,1
19973,906,56,26,54,8,image,8,3,1761,12365,2
10022,223,8,10,13,16,image,3,6,3043,6948,1
1000,6,0,0,0,6,video,6,6,1251,1297,0
11181,229,17,6,11,22,image,21,6,2066,12000,1
25741,529,35,21,41,10,image,11,1,1705,17066,2
18081,1051,62,27,124,11,video,11,1,1991,11520,1
6736,169,10,4,5,23,reel,17,1,1273,11762,1
155731,7373,335,131,555,27,reel,7,3,2588,104943,2
14192,375,14,5,15,6,video,16,5,2170,6909,1
17815,384,19,4,31,18,reel,12,1,498,20985,2
53108,2965,206,116,153,9,image,13,6,1631,39721,2
15563,196,15,5,21,1,image,8,0,2270,2579,0
1609,82,4,3,4,7,image,22,3,377,1150,0
1000,23,0,0,2,1,video,23,2,312,498,0
3432,58,3,1,1,24,reel,2,6,1998,5964,1
31878,750,46,26,78,14,reel,4,2,608,38033,2
4291,212,7,2,11,16,video,17,1,2095,5520,1
34273,2203,101,66,106,13,image,12,3,216,26691,2
10590,573,16,8,62,8,image,18,0,3124,11581,1
82332,2559,112,42,146,14,video,7,4,2254,40085,2
4762,174,11,5,14,4,video,15,1,2324,1976,0
18801,981,38,32,94,1,video,3,2,3521,11655,1
20142,398,23,7,26,4,image,23,4,2292,8771,1
120919,3850,152,80,150,1,image,16,6,567,37942,2
1000,17,0,0,1,17,image,15,4,3287,1853,0
3550,179,11,2,15,1,video,3,5,1733,2447,0
37321,713,39,34,78,12,image,21,5,2459,17713,2
130955,4934,343,185,488,22,reel,6,5,3266,142645,2
12483,216,13,3,21,17,reel,2,2,1743,14700,2
4784,158,10,3,13,18,reel,11,2,3107,8523,1
31660,920,26,15,28,8,image,23,6,3477,27250,2
38702,693,39,13,75,4,image,10,1,1562,5627,1
4241,48,2,2,5,4,image,0,6,123,1532,0
14684,247,16,3,23,13,image,21,0,2726,8416,1
67842,1434,78,64,156,27,image,15,5,2936,37858,2
243488,5208,121,227,242,29,image,15,1,186,124465,2
30843,137,7,5,7,4,reel,13,5,3482,31328,2
8773,788,50,23,34,2,reel,1,6,2769,13006,2
7351,400,14,8,35,14,reel,16,6,730,12189,1
22099,124,7,5,8,5,image,3,2,2657,7276,1
6579,390,27,16,15,4,video,4,1,2521,6721,1
11399,791,18,24,64,12,image,14,2,2140,10460,1
1206,30,1,0,1,29,video,12,4,2093,3150,0
83675,3114,228,55,230,7,video,5,3,443,41917,2
1040,142,3,1,7,2,image,1,5,3428,1117,0
3722,139,5,2,6,4,image,4,4,1102,1667,0
9659,605,34,18,42,19,image,1,0,1074,6400,1
291786,2615,144,115,131,30,image,23,6,651,149707,2
3786,25,1,0,1,29,image,1,1,754,3408,0
2443,96,5,3,6,23,image,17,0,243,3825,0
3006,60,3,2,6,16,reel,9,1,3031,4824,1
160494,9667,455,344,452,22,image,7,5,3285,100917,2
1000,16,0,0,0,1,image,0,5,222,436,0
1332,57,3,2,5,28,reel,0,3,687,4027,1
1106065,47222,1388,1058,2674,24,reel,23,3,1637,933713,2
23472,1101,87,51,80,5,image,19,1,778,15487,2
1106,69,1,1,6,9,reel,6,6,753,2987,0
7514,104,2,3,3,27,image,13,3,2567,6595,1
9149,273,18,8,31,16,video,21,0,3213,5725,1
37161,575,14,15,41,30,reel,7,3,1196,33081,2
222148,8946,396,243,879,12,image,23,0,1912,154552,2
16307,592,44,6,66,18,image,12,0,1496,13610,2
3066,172,11,6,18,0,video,10,1,1387,3056,0
33414,5869,199,141,292,28,reel,21,0,234,88285,2
2305,24,0,0,1,25,reel,10,6,2590,5317,1
1261,97,5,4,6,25,image,1,4,3385,3079,0
1000,31,1,1,2,23,image,3,3,2779,2439,0
1000,57,1,2,5,9,video,17,5,3638,2072,0
1613,39,1,0,2,1,image,15,4,3000,1120,0
1000,8,0,0,0,10,image,20,4,1363,1581,0
14240,315,12,6,26,20,image,4,3,3005,6946,1
1000,18,1,0,0,20,image,12,2,810,1771,0
1000,102,3,4,8,26,image,8,0,1477,3419,0
1237,67,3,2,2,17,reel,23,3,2585,3137,0
3465,118,5,3,10,10,image,19,5,1073,2347,0
2724,112,4,2,4,11,image,5,6,2773,2524,0
124884,13272,750,332,1324,30,video,17,1,702,150944,2
2685,160,4,5,7,1,video,17,6,586,3984,0
39563,2354,168,25,207,20,reel,9,0,2757,38443,2
7830,590,38,20,48,0,reel,10,1,1793,11552,1
7508,604,22,26,41,14,image,5,5,3411,5413,1
1801,68,3,1,5,3,reel,9,0,737,1589,0
7289,82,6,3,8,6,reel,2,3,2618,4254,1
2044,58,2,1,2,12,image,15,4,876,2316,0
11004,146,6,1,13,10,reel,12,0,1742,11771,1
5296,139,9,2,9,0,video,14,1,1817,4770,1
1479,97,1,3,8,24,reel,23,2,3102,4791,1
48310,1087,66,42,118,4,reel,8,5,1477,43518,2
17471,399,13,10,35,22,reel,3,5,1345,22153,2
3617,170,10,2,7,30,image,9,1,1750,4898,1
10528,364,16,4,24,7,reel,8,2,3570,10021,1
6968,155,3,5,12,13,image,11,1,1421,5003,1
1699,125,9,3,5,20,reel,20,3,2018,6117,1
9199,714,37,25,62,28,image,23,5,294,9393,1
2649,104,4,1,9,11,image,15,0,2215,1897,0
1478,54,3,2,5,5,reel,19,1,305,2899,0
1000,38,1,0,1,3,image,6,2,83,799,0
4249,183,4,2,17,11,video,8,0,978,4299,1
22483,821,48,24,51,25,image,21,6,719,12362,2
2320,32,2,1,1,20,video,8,5,1923,3114,0
757118,23909,796,1130,1845,7,reel,8,2,785,518428,2
39904,2482,178,121,202,30,reel,21,0,801,45219,2
84778,1501,85,42,106,19,image,19,3,3248,77583,2
33909,192,4,6,20,21,reel,18,2,2295,42446,2
227557,4973,317,160,218,0,image,17,1,69,173561,2
1965,13,0,0,0,27,reel,15,2,2788,4072,1
1000,39,2,0,2,2,reel,13,6,2650,1368,0
3629,128,7,4,4,1,image,17,1,3260,1508,0
22132,909,18,44,55,21,image,0,6,1985,14051,2
10643,350,9,5,33,9,image,1,0,3447,5598,1
13304,55,2,1,4,28,reel,20,3,3434,14894,2
87346,3709,181,48,251,27,image,2,0,1350,37719,2
16118,214,16,5,15,16,image,15,4,319,5494,1
34133,1070,74,31,62,16,image,7,2,3444,18218,2
1493,57,3,1,2,5,reel,17,4,2400,1178,0
1128,35,1,1,2,5,video,11,6,3199,1668,0
148064,5643,144,237,583,0,image,7,6,301,58508,2
9716,437,28,8,44,5,image,17,5,1173,7535,1
2639,113,2,4,5,13,image,23,2,32,1968,0
2647,115,2,4,7,23,video,18,5,1369,5696,1
2518,97,3,3,7,2,reel,5,3,2754,1346,0
2261,27,2,0,2,4,reel,21,4,638,3471,0
1000,25,1,1,1,11,video,23,4,1387,1851,0
1000,63,1,1,2,15,image,6,5,3176,2217,0
5704,100,7,1,11,13,image,15,5,1133,2932,0
2787,80,5,1,3,5,reel,17,3,1947,3087,0
59449,4058,228,185,482,23,video,14,1,1608,65132,2
13732,576,15,9,48,6,image,23,6,775,7775,1
13063,1320,51,36,98,3,image,6,0,3393,6716,1
2126,198,7,7,9,12,image,4,4,2960,2462,0
6516,340,19,11,36,30,video,21,1,1442,13039,2
15518,288,15,10,13,3,reel,1,4,3109,5824,1
29411,2293,84,54,151,3,image,0,3,1830,12868,2
6843,106,4,3,3,20,reel,21,0,2346,9703,1
56524,4222,215,43,135,19,reel,20,6,1091,67871,2
8220,614,43,12,58,5,image,3,5,1458,5809,1
33763,2213,61,33,107,20,image,19,2,3383,22384,2
3355,98,6,2,8,23,image,17,2,826,3625,0
1000,22,1,0,2,19,video,21,3,1527,2471,0
13135,550,35,17,40,16,image,9,5,2805,11993,1
29899,644,29,11,57,14,reel,7,6,1222,22922,2
22825,994,63,26,51,10,reel,8,5,2819,20618,2
17325,904,64,11,93,2,reel,15,0,1450,20505,2
4326,486,32,13,23,19,reel,22,0,1879,8332,1
1896,97,2,4,8,24,image,22,1,3620,2986,0
21875,895,24,20,94,12,reel,8,2,2719,17564,2
17458,435,11,16,44,22,video,1,0,3355,17183,2
2952,229,5,6,7,2,image,9,6,753,2804,0
59692,2423,152,46,152,3,image,10,4,3052,32823,2
1653,119,4,2,12,9,image,0,0,1947,1668,0
2834,160,10,3,17,10,video,23,6,2803,2553,0
154132,4548,272,180,396,16,image,4,5,1207,124664,2
38694,825,42,14,32,0,video,13,2,2680,15571,2
4253,384,9,18,25,3,reel,8,2,3620,7382,1
13592,395,15,14,46,22,image,17,4,1830,12869,2
10706,479,10,12,18,22,image,15,3,1566,8806,1
1000,13,0,0,1,23,image,21,6,1938,2432,0
1585,69,2,1,4,11,image,1,6,774,2364,0
7394,192,4,7,18,20,reel,6,6,2063,10201,1
4264,138,2,2,4,6,image,8,4,740,1787,0
12642,531,30,16,16,26,image,21,5,2535,11792,1
61887,4608,263,56,262,0,image,8,3,3635,37719,2
4542,128,10,5,13,18,image,12,5,2791,3627,0
1207,29,1,0,2,2,reel,18,4,3648,1258,0
14541,557,12,18,47,25,image,22,3,1622,12315,2
4501,89,5,4,10,7,reel,6,1,2925,3046,0
6118,377,14,4,23,0,video,15,6,2064,5540,1
4792,47,1,2,5,11,reel,21,0,1769,6553,1
458313,17258,1285,535,688,27,image,6,0,2319,330495,2
1000,57,3,2,2,4,image,22,4,2440,872,0
4027,191,8,5,13,8,image,9,2,210,2354,0
8049,340,26,14,39,16,image,5,6,2571,9130,1
1986,37,1,1,3,27,video,19,0,1935,4978,1
40932,1155,24,29,46,6,reel,9,4,502,39326,2
35026,608,20,23,70,11,reel,9,1,679,25273,2
7435,254,5,12,25,29,video,17,3,550,10123,1
4978,106,4,4,10,21,image,5,3,3007,4415,1
6624,313,21,15,24,17,image,6,1,1456,3800,0
6710,190,14,7,12,11,reel,17,2,1592,8490,1
7036,128,7,2,5,24,image,19,0,1387,6485,1
5776,218,16,9,18,29,image,4,5,2661,4436,1
12764,117,5,4,4,13,reel,23,1,1724,12883,2
31438,1436,54,16,119,29,image,1,0,3617,26691,2
1000,79,2,1,6,6,reel,15,6,1126,2485,0
1222,21,1,0,1,26,image,10,4,3475,2768,0
1000,21,0,0,2,13,video,3,3,2267,1752,0
38542,1035,27,43,69,6,image,18,3,2347,32278,2
12715,1956,148,84,135,12,reel,0,5,2763,28780,2
20120,152,4,1,5,12,image,6,2,3200,12259,2
1000,6,0,0,0,19,image,9,0,3185,1998,0
201371,15637,376,343,583,24,reel,16,4,3263,165207,2
2708,98,5,3,4,28,video,5,3,1512,4728,1
10968,167,10,7,11,4,image,1,0,2853,3394,0
37717,1053,35,47,70,7,image,18,1,1087,24691,2
1371,74,1,1,8,25,video,1,2,1806,3249,0
3030,51,2,2,2,2,reel,11,6,573,2958,0
11187,411,23,14,17,9,video,16,5,1590,9600,1
1388107,30098,1165,1416,2936,22,image,15,1,2058,463039,2
13933,218,9,8,6,16,image,2,1,3052,9855,1
146012,2870,65,89,254,0,video,14,0,168,35138,2
70984,4098,154,169,398,4,reel,0,1,2196,53664,2
15715,460,33,10,39,24,image,0,1,3134,7518,1
1365,74,2,3,4,10,image,5,3,2840,1346,0
54587,2764,132,114,108,22,image,16,0,1757,49403,2
1000,33,2,1,3,20,video,5,3,1514,2875,0
144578,6214,423,122,667,25,reel,19,2,2235,148515,2
11614,475,11,20,45,17,video,3,4,2578,9221,1
1000,25,1,0,1,2,reel,11,6,1478,582,0
4390,440,25,17,30,3,reel,11,6,2003,6121,1
26294,961,30,45,90,6,reel,13,6,43,17453,2
5288,176,3,2,6,5,image,9,3,1179,1519,0
29348,961,67,33,111,17,image,3,4,2886,21360,2
1754,123,5,4,14,14,video,17,4,1531,2975,0
1000,35,0,1,1,10,reel,15,5,1745,2813,0
7125,351,19,4,16,17,image,15,1,3428,5704,1
8576,511,21,23,32,26,image,22,2,1502,6651,1
4328,211,5,10,14,11,reel,21,2,1610,7025,1
73800,2279,84,84,158,14,image,17,6,2778,62210,2
1753,14,0,0,1,27,video,10,1,3091,3527,0
14238,532,28,18,38,13,reel,0,1,1288,7988,1
9157,1136,50,13,52,2,reel,5,2,666,16050,2
1000,19,0,0,1,5,reel,7,2,2374,1411,0
1000,27,1,0,1,8,image,7,4,402,986,0
8278,275,17,6,21,17,image,22,0,2657,7590,1
286690,11133,561,173,1258,12,image,1,1,1775,221701,2
22987,1604,38,62,62,10,image,16,6,3587,17115,2
1000,16,0,0,1,25,reel,11,4,1116,4437,1
1000,19,1,0,1,13,video,7,2,2812,1701,0
30317,882,27,11,84,14,reel,17,6,41,31978,2
6814,51,1,1,2,8,reel,14,1,115,7201,1
63213,576,35,15,37,14,video,20,4,1652,26538,2
1660,48,3,1,3,18,reel,3,1,2293,3329,0
15220,1237,92,17,120,28,image,6,4,633,14293,2
37164,996,43,35,44,25,image,22,3,2261,15759,2
3621,356,28,9,21,0,image,20,0,2436,2927,0
3763,147,3,6,11,0,reel,9,3,476,2048,0
8480,402,27,11,35,25,reel,9,3,3153,16088,2
21521,48,1,0,1,7,reel,4,4,2746,22919,2
7896,122,9,1,4,0,image,1,6,1235,5198,1
46779,1957,141,39,185,20,reel,1,5,1387,43546,2
3528,156,10,3,9,30,reel,0,2,1014,6077,1
1000,47,2,1,2,21,image,0,4,2288,2627,0
284519,12570,413,488,674,4,video,8,3,2506,149322,2
2728,131,6,1,10,9,reel,15,3,1002,4053,1
2912,195,4,8,22,8,image,15,1,2009,2698,0
7197,243,15,3,23,8,reel,16,3,671,5906,1
9144,186,5,7,18,19,video,15,2,1521,7961,1
4039,52,1,0,4,23,image,15,6,1463,4131,1
7852,81,2,2,5,9,image,9,3,1400,4350,1
7543,357,24,14,41,17,image,7,3,777,7219,1
11099,663,29,13,24,15,reel,10,0,115,7881,1
1000,47,2,0,4,12,image,19,2,3603,1900,0
239324,3460,112,143,184,5,image,12,6,1492,144698,2
6215,370,14,13,31,1,reel,20,4,2662,10008,1
23043,1665,84,76,197,29,image,7,5,3151,20102,2
1000,65,2,2,6,20,image,14,4,165,2276,0
3471,58,3,0,6,26,reel,15,3,1472,5889,1
2415,55,2,1,5,9,reel,14,6,1422,2824,0
114176,3007,237,129,213,6,reel,2,2,2329,62937,2
2822,44,1,0,2,17,image,4,2,3335,2980,0
31714,1123,49,17,86,21,image,14,5,2480,26338,2
2513,85,6,3,4,22,reel,20,3,2187,5657,1
3587,70,5,2,5,16,reel,11,2,852,5696,1
5208,759,37,18,31,14,reel,2,4,1785,12344,2
81709,3715,101,146,409,17,image,20,5,2714,73937,2
1000,60,2,1,5,7,video,19,4,1974,1510,0
1000,19,1,0,0,5,reel,19,3,2233,1353,0
1000,42,1,1,3,6,reel,10,0,1130,1806,0
1144,77,2,1,7,10,image,15,5,1722,1291,0
1880,66,3,1,7,21,image,2,6,1436,2735,0
1000,21,0,0,1,26,image,0,5,1820,2753,0
2161,34,2,0,2,27,reel,1,1,743,3991,0
1000,17,0,0,0,12,reel,10,6,2375,3199,0
1296,106,8,5,11,30,image,23,1,2602,3485,0
70316,1772,92,63,192,30,video,1,6,2779,48210,2
16755,1799,142,74,66,24,video,13,4,886,22051,2
11355,351,22,16,19,2,image,18,3,1549,9301,1
1332,86,2,3,3,18,reel,10,1,1568,3861,0
1000,29,0,1,1,8,image,1,2,3219,806,0
1042,31,0,0,0,26,reel,22,0,3385,3862,0
7496,217,13,9,21,6,video,21,4,1763,7681,1
38666,1829,55,38,125,12,reel,11,6,1499,21769,2
41120,2267,142,29,177,7,image,20,5,109,39498,2
25212,150,10,5,14,27,image,20,4,1250,14637,2
2148,46,2,0,4,17,image,15,6,284,3194,0
8469,223,13,2,13,13,image,20,6,1560,7491,1
4544,175,12,6,17,25,video,16,6,1430,6016,1
5641,325,21,4,28,18,reel,18,0,932,6656,1
317054,5960,165,271,295,18,image,2,6,3564,188596,2
1000,9,0,0,0,5,reel,2,0,2682,1019,0
5311,316,16,12,30,11,image,3,2,2355,3893,0
71764,3083,110,66,138,15,image,22,1,2487,19619,2
1000,79,3,2,3,13,image,9,5,1280,1950,0
2543,138,10,1,9,10,reel,15,0,944,4146,1
3126,89,4,3,10,30,image,13,6,3108,4261,1
5421,141,5,2,13,11,image,9,3,1551,2452,0
1000,68,1,1,6,18,image,17,0,2614,2367,0
23659,1224,90,20,66,18,image,18,6,1955,17937,2
26884,972,32,48,102,6,image,22,0,105,11550,1
20233,937,29,17,63,27,image,1,2,3171,15738,2
1691,9,0,0,1,4,reel,8,1,102,1538,0
9468,169,8,3,13,25,image,4,5,1244,6282,1
1605,66,2,2,5,18,image,13,1,2756,2086,0
4452,205,11,9,23,10,video,16,4,2123,5087,1
390913,16317,883,269,1882,8,image,4,0,3015,254380,2
9626,501,12,7,15,22,image,15,0,3433,5388,1
1000,50,2,0,2,13,reel,1,0,2604,2466,0
11210,441,27,14,37,16,image,12,1,975,3998,0
1000,39,1,1,1,11,reel,23,3,42,1928,0
1000,33,2,1,1,10,video,16,4,2667,2096,0
1243,38,1,1,1,8,reel,18,4,1184,2872,0
3641,183,9,2,14,28,image,22,0,2402,4953,1
43763,1260,76,58,105,27,video,12,2,1877,38566,2
22950,524,27,22,24,4,video,3,3,571,16016,2
20772,427,9,15,33,4,reel,14,2,1351,7369,1
1120,19,0,0,1,24,image,8,4,3595,2687,0
3058,146,11,5,17,11,video,22,3,1195,3805,0
13221,405,17,14,14,6,video,7,2,2862,12268,2
2615,88,2,2,9,6,image,12,1,2554,2549,0
4909,423,8,4,50,27,image,22,2,1582,4952,1
17933,789,35,26,62,8,reel,17,5,2779,20050,2
4325,214,6,7,19,22,video,4,5,2057,6862,1
12172,200,14,3,8,14,video,20,3,2285,9147,1
142473,5773,445,267,355,14,reel,8,2,1336,112230,2
5947,26,1,0,1,10,image,17,2,3439,1869,0
67697,4679,198,100,386,2,image,21,3,977,56945,2
22178,197,9,4,22,2,video,23,6,1973,19427,2
1000,10,0,0,0,5,reel,16,1,3274,1109,0
1114,37,1,0,2,8,video,17,4,2600,1892,0
1807,62,3,2,5,5,image,0,5,2148,2316,0
1739,84,2,2,5,8,video,22,0,323,1661,0
6887,453,10,7,35,23,video,23,4,1367,8720,1
24498,184,13,2,13,0,image,5,4,1653,7951,1
77597,2928,198,77,245,19,video,1,6,3112,41503,2
14111,403,30,11,14,16,image,22,2,3125,9749,1
3632,280,11,4,22,6,image,12,5,1631,2831,0
1000,35,2,1,2,8,reel,4,0,1317,1878,0
9200,249,10,7,11,11,image,5,4,699,5888,1
8487,319,7,15,24,8,reel,15,1,1762,7773,1
11262,77,3,2,5,9,video,15,4,582,2615,0
359055,21334,1135,223,1778,13,image,14,4,632,291749,2
75589,7122,327,207,575,20,reel,6,2,3436,128062,2
33293,2046,137,22,135,19,image,18,5,1978,21615,2
1434,24,0,0,2,10,image,19,3,1414,2249,0
3218,179,13,4,11,9,image,0,1,1555,3614,0
6831,441,10,20,32,23,video,13,4,1461,6375,1
2006,109,6,3,7,23,image,16,3,3071,2982,0
19947,395,29,17,29,21,image,7,3,1976,5701,1
15404,508,27,16,51,21,reel,16,0,2365,13556,2
1142,21,1,0,1,7,reel,20,6,2117,1800,0
69861,2646,162,50,89,20,reel,21,2,2071,43533,2
9741,337,7,5,25,10,image,18,3,1594,7846,1
1000,21,1,0,0,16,reel,16,1,2812,2614,0
7387,115,6,5,10,17,reel,11,0,3418,5663,1
13442,631,12,14,74,24,image,2,5,1277,14472,2
46677,317,14,9,27,28,image,11,0,1228,22983,2
4414,281,6,6,18,13,image,18,4,2786,5856,1
35964,2434,91,68,88,3,reel,11,0,439,28978,2
11348,593,46,26,35,0,video,22,2,1673,8691,1
1000,40,3,0,3,11,image,12,6,3634,1472,0
1000,34,2,0,3,13,image,0,3,2555,1683,0
61120,2827,118,106,215,18,reel,20,2,825,65759,2
69756,3156,138,70,374,10,video,10,0,1514,49087,2
14490,437,9,5,27,10,reel,1,5,3450,13355,2
119643,3629,146,90,109,22,image,16,4,1939,73786,2
54279,3857,258,142,333,8,reel,9,3,3092,45869,2
27737,3055,156,150,151,1,image,18,5,2970,19741,2
1571,26,1,1,1,13,image,18,6,2845,1708,0
182877,3318,84,107,104,19,reel,22,4,2375,202544,2
21276,1309,98,53,101,5,image,23,3,511,21652,2
4046,86,3,2,4,0,video,18,4,1091,1584,0
2433,53,2,1,6,18,image,3,6,155,2679,0
12864,263,10,4,27,5,reel,19,1,1605,9157,1
1000,50,1,1,4,27,image,1,4,648,2799,0
28549,1513,84,42,93,10,image,11,3,2212,14576,2
1456,18,1,0,0,28,image,19,1,1484,3395,0
15789,727,40,24,65,2,reel,21,1,3435,12602,2
3168,70,1,3,2,14,reel,23,4,2897,3940,0
5034,263,20,5,18,12,reel,3,1,846,5566,1
2074,19,1,0,0,9,reel,17,1,1452,2500,0
6061,627,45,30,50,11,video,1,2,1539,6374,1
243016,10718,317,248,861,11,image,13,1,143,85933,2
98037,2619,198,82,203,1,image,8,2,2661,73607,2
15337,952,60,12,89,7,reel,5,2,289,17632,2
7742,363,18,16,18,8,video,17,0,2998,6470,1
37032,1969,42,19,101,18,image,23,2,1697,20501,2
61941,2510,88,116,169,9,image,8,4,1675,22042,2
1819,76,5,1,7,4,reel,17,3,134,2859,0
7048,280,11,4,11,21,image,18,2,2303,5569,1
1000,12,0,0,1,9,image,16,4,2766,1381,0
61180,3941,251,100,207,0,video,7,1,1525,73039,2
333381,8319,553,168,345,5,video,21,6,917,266494,2
9359,209,8,7,17,17,image,16,0,3646,4679,1
1000,108,8,2,5,6,video,21,3,1794,1602,0
24245,855,32,18,57,28,image,5,5,2420,10281,1
1591,26,1,0,0,20,image,1,5,2899,2234,0
2455,193,8,6,13,9,video,16,3,2163,3067,0
25030,603,20,9,34,30,reel,0,3,2030,28246,2
12812,230,9,10,10,22,reel,4,6,2509,15643,2
3365,55,3,2,3,20,image,5,3,3227,3090,0
2516,75,4,1,7,2,image,4,0,2509,879,0
10162,190,5,5,18,7,image,21,2,3097,3997,0
3877,170,4,5,10,18,image,20,0,1046,5191,1
1100,64,3,2,7,12,image,12,6,657,1403,0
4453,160,5,4,6,26,image,16,1,395,4367,1
14932,355,11,12,37,19,image,15,1,111,14088,2
5880,95,6,1,11,2,video,20,4,1643,6397,1
1000,77,3,2,6,26,image,8,2,3159,2568,0
48065,1272,30,17,45,28,image,16,5,266,42161,2
1000,57,2,2,6,22,image,10,5,2404,2282,0
3628,134,7,3,9,23,video,12,3,2927,5682,1
2653,87,4,3,3,4,image,7,2,3357,1173,0
10580,353,8,10,38,22,image,18,1,2964,5121,1
22269,108,5,1,7,18,image,22,0,331,13445,2
61585,2319,96,29,173,3,image,23,6,577,32982,2
2247,97,4,1,7,6,reel,9,1,3603,3752,0
23291,673,15,24,75,17,image,2,3,370,10986,1
11527,546,20,19,41,11,video,20,0,3594,9823,1
1000,32,1,0,3,17,reel,0,3,3445,3062,0
247947,16770,462,495,760,29,video,3,2,1000,237543,2
1000,33,2,0,2,19,video,21,3,2952,2164,0
17241,1735,138,56,134,27,image,7,2,242,17653,2
16349,528,21,12,31,0,image,13,5,491,6030,1
13308,508,30,23,24,7,image,4,6,1377,6384,1
3326,90,5,2,3,27,image,6,4,855,2831,0
35920,2062,61,55,110,22,image,7,5,1602,12592,2
1000,63,2,2,5,11,image,5,3,1009,1399,0
7197,240,18,9,13,10,image,16,0,1003,5529,1
2936,114,3,3,10,23,reel,16,2,1316,5400,1
2394,126,6,1,13,0,image,3,0,225,794,0
17531,586,32,7,54,2,image,23,0,2537,8559,1
56356,4704,141,108,481,26,video,12,6,3168,71331,2
4368,189,9,7,15,23,reel,17,3,1479,8086,1
33031,1382,103,49,159,25,image,0,4,795,21181,2
8862,240,6,5,23,14,video,9,3,3297,6091,1
1624,169,5,1,9,9,image,23,4,3191,1838,0
